,Permanent_Identifier,OBJECTID,Shape,FDate,Resolution,GNIS_ID,GNIS_Name,LengthKM,ReachCode...9,FlowDir,WBArea_Permanent_Identifier,FType,FCode,MainPath,InNetwork,VisibilityFilter,NHDPlusID,VPUID...18,Enabled,Shape_Length,NHDPlusID_2,StreamLevel,StreamOrder,StreamCalculator,FromNode,ToNode,HydrologicSequence_old,Hydrologic_Sequence,LevelPathIdentifier,PathLength,TerminalPathIdentifier,UpstreamCumulativeStreamKm,DivergenceCode,IsHeadwater,IsNetworkEnd,UpstreamMainPathLevelPathID,UpstreamMainPathHydroSeq,DownstreamMainPathStreamLevel,DownstreamMainPathLevelPathID,DownstreamMainPathHydroSeq,DownstreamMinorHydroSequence,DownstreamDrainageCount,FromMeasure,ToMeasure,ReachCode...44,HasReturningDivergence,ThinnerCode,VPUIn,VPUOut,AreaSqKm,TotalDrainageAreaSqKm,DivergenceRoutedDrainAreaSqKm,MaximumElevationRaw,MinimumElevationRaw,MaximumElevationSmoothed,MinimumElevationSmoothed,Slope,SlopeLengthKm,IsElevationFixed,HeadwaterType,HeadwaterNodeDrainageAreaSqKm,StatusFlag,VPUID...62
45,2001,1,Polyline ZM,1/4/18,High,<Null>,<Null>,0.275622,1.70701E+13,WithDigitized,<Null>,460,46003,Unspecified,Yes,Unspecified,55000400172165.00,1707,TRUE,135851,5.50004E+13,6,1,1,5.50004E+13,5.50004E+13,55000400195275.00,14,5.50004E+13,267.265283,5.50003E+13,0.275622,Feature is not part of a divergence,Yes,No,0,0,5,5.50004E+13,5.50004E+13,0,1,0,100,1.70701E+13,No,<Null>,No,No,0.034,0.034,0.034,37309,35710,37309,35710,0.091048,0.175622,Yes,Real Headwater,7.6E-3,Add,1707
80,2002,3,Polyline ZM,1/4/18,High,<Null>,<Null>,0.188126,1.70701E+13,WithDigitized,<Null>,460,46003,Unspecified,Yes,Unspecified,55000400035275.00,1707,TRUE,61315,5.50004E+13,6,3,3,5.50004E+13,5.50004E+13,55000400077439.00,52,5.50004E+13,269.535682,5.50003E+13,2.809235,Feature is not part of a divergence,No,No,5.50004E+13,5.50004E+13,6,5.50004E+13,5.50004E+13,0,1,2.90036,84.028557,1.70701E+13,No,<Null>,No,No,0.0207,0.3909,0.3909,-9998,53941,61204,54040,0.380808,0.188126,No,<Null>,<Null>,Add,1707
15,2003,4,Polyline ZM,1/4/18,High,<Null>,<Null>,0.365415,1.70701E+13,WithDigitized,<Null>,460,46003,Unspecified,Yes,Unspecified,55000400240219.00,1707,TRUE,106310,5.50004E+13,8,1,1,5.50004E+13,5.50004E+13,55000400165099.00,18,5.50004E+13,269.81732,5.50003E+13,0.365415,Feature is not part of a divergence,Yes,No,0,0,7,5.50004E+13,5.50004E+13,0,1,0,100,1.70701E+13,No,<Null>,No,No,0.0872,0.0872,0.0872,61324,57448,61324,57448,0.146036,0.265415,Yes,Real Headwater,1.95E-2,Add,1707
83,2004,6,Polyline ZM,1/4/18,High,1522756,Martha Creek,0.096031,1.70701E+13,WithDigitized,<Null>,460,46006,Unspecified,Yes,Unspecified,55000400138220.00,1707,TRUE,18087,5.50004E+13,5,5,5,5.50004E+13,5.50004E+13,55000400046884.00,75,5.50004E+13,268.475349,5.50003E+13,23.347387,Feature is not part of a divergence,No,No,5.50004E+13,5.50004E+13,5,5.50004E+13,5.50004E+13,0,1,89.092102,91.611763,1.70701E+13,No,<Null>,No,No,0.0067,3.9248,3.9248,-9998,40652,41184,40652,0.055399,0.096031,No,<Null>,<Null>,Add,1707
3,2005,10,Polyline ZM,1/4/18,High,1522756,Martha Creek,0.009221,1.70701E+13,WithDigitized,<Null>,460,46006,Unspecified,Yes,Unspecified,55000400138388.00,1707,TRUE,130591,5.50004E+13,5,5,5,5.50004E+13,5.50004E+13,55000400034933.00,84,5.50004E+13,267.348093,5.50003E+13,36.816547,Feature is not part of a divergence,No,No,5.50004E+13,5.50004E+13,5,5.50004E+13,5.50004E+13,0,1,59.520168,59.7621,1.70701E+13,No,<Null>,No,No,0.0014,6.1585,6.1585,-9998,36141,36329,36178,0.163752,0.009221,No,<Null>,<Null>,Add,1707
36,2006,13,Polyline ZM,1/4/18,High,<Null>,<Null>,0.527957,1.70701E+13,WithDigitized,<Null>,460,46003,Unspecified,Yes,Unspecified,55000400138089.00,1707,TRUE,69396,5.50004E+13,7,1,1,5.50004E+13,5.50004E+13,55000400210338.00,6,5.50004E+13,270.372202,5.50003E+13,0.527957,Feature is not part of a divergence,Yes,No,0,0,6,5.50004E+13,5.50004E+13,0,1,0,100,1.70701E+13,No,<Null>,No,No,0.0572,0.0572,0.0572,68496,62944,68496,62944,0.129733,0.427957,Yes,Real Headwater,2.2100000000000002E-2,Add,1707
50,2007,15,Polyline ZM,1/4/18,High,<Null>,<Null>,0.418743,1.70701E+13,WithDigitized,<Null>,460,46003,Unspecified,Yes,Unspecified,55000400171984.00,1707,TRUE,87315,5.50004E+13,7,3,3,5.50004E+13,5.50004E+13,55000400068643.00,60,5.50004E+13,269.398577,5.50003E+13,4.581212,Feature is not part of a divergence,No,No,5.50004E+13,5.50004E+13,6,5.50004E+13,5.50004E+13,0,1,0,23.44734,1.70701E+13,No,<Null>,No,No,0.0507,0.8206,0.8206,-9998,50725,57448,51052,0.152743,0.418743,Yes,<Null>,<Null>,Add,1707
49,2008,20,Polyline ZM,1/4/18,High,<Null>,<Null>,0.048203,1.70701E+13,WithDigitized,<Null>,460,46003,Unspecified,Yes,Unspecified,55000400240376.00,1707,TRUE,189700,5.50004E+13,6,3,3,5.50004E+13,5.50004E+13,55000400072591.00,56,5.50004E+13,268.913053,5.50003E+13,3.127104,Feature is not part of a divergence,No,No,5.50004E+13,5.50004E+13,6,5.50004E+13,5.50004E+13,0,1,80.521393,88.826134,1.70701E+13,No,<Null>,No,No,0.0032,0.7726,0.7726,-9998,47390,48214,47581,0.131319,0.048203,No,<Null>,<Null>,Add,1707
53,2009,22,Polyline ZM,1/4/18,High,1522756,Martha Creek,0.095335,1.70701E+13,WithDigitized,<Null>,460,46003,Unspecified,Yes,Unspecified,55000400069529.00,1707,TRUE,17934,5.50004E+13,5,3,3,5.50004E+13,5.50004E+13,55000400076622.00,53,5.50004E+13,269.719369,5.50003E+13,1.882768,Feature is not part of a divergence,No,No,5.50004E+13,5.50004E+13,5,5.50004E+13,5.50004E+13,0,1,57.439831,64.049316,1.70701E+13,No,<Null>,No,No,0.0163,0.3538,0.3538,-9998,57742,60250,58228,0.212094,0.095335,No,<Null>,<Null>,Add,1707
81,2010,24,Polyline ZM,1/4/18,High,1522756,Martha Creek,0.123207,1.70701E+13,WithDigitized,<Null>,460,46006,Unspecified,Yes,Unspecified,55000400103732.00,1707,TRUE,243025,5.50004E+13,5,5,5,5.50004E+13,5.50004E+13,55000400040737.00,79,5.50004E+13,267.992314,5.50003E+13,27.156263,Feature is not part of a divergence,No,No,5.50004E+13,5.50004E+13,5,5.50004E+13,5.50004E+13,0,1,76.420677,79.652878,1.70701E+13,No,<Null>,No,No,0.0287,4.462,4.462,-9998,39512,40352,39512,0.068178,0.123207,No,<Null>,<Null>,Add,1707
72,2011,25,Polyline ZM,1/4/18,High,<Null>,<Null>,0.342549,1.70701E+13,WithDigitized,<Null>,460,46003,Unspecified,Yes,Unspecified,55000400171945.00,1707,TRUE,216701,5.50004E+13,6,1,1,5.50004E+13,5.50004E+13,55000400195369.00,9,5.50004E+13,269.884361,5.50003E+13,0.342549,Feature is not part of a divergence,Yes,No,0,0,5,5.50004E+13,5.50004E+13,0,1,0,100,1.70701E+13,No,<Null>,No,No,0.0726,0.0726,0.0726,72359,61619,72359,61619,0.442797,0.242549,Yes,Real Headwater,1.7100000000000001E-2,Add,1707
23,2012,26,Polyline ZM,1/4/18,High,1522756,Martha Creek,0.113992,1.70701E+13,WithDigitized,<Null>,460,46006,Unspecified,Yes,Unspecified,55000400103731.00,1707,TRUE,260655,5.50004E+13,5,5,5,5.50004E+13,5.50004E+13,55000400042116.00,78,5.50004E+13,268.115521,5.50003E+13,26.835932,Feature is not part of a divergence,No,No,5.50004E+13,5.50004E+13,5,5.50004E+13,5.50004E+13,0,1,79.652878,82.643303,1.70701E+13,No,<Null>,No,No,0.0093,4.4173,4.4173,-9998,39638,40352,40352,1e-05,0.113992,No,<Null>,<Null>,Add,1707
25,2013,27,Polyline ZM,1/4/18,High,<Null>,<Null>,0.083814,1.70701E+13,WithDigitized,<Null>,460,46003,Unspecified,Yes,Unspecified,55000400069541.00,1707,TRUE,18478,5.50004E+13,6,2,2,5.50004E+13,5.50004E+13,55000400111659.00,34,5.50004E+13,268.594935,5.50003E+13,1.657,Feature is not part of a divergence,No,No,5.50004E+13,5.50004E+13,6,5.50004E+13,5.50004E+13,0,1,58.788971,100,1.70701E+13,No,<Null>,No,No,0.0061,0.1977,0.1977,-9998,41345,42337,41617,0.085904,0.083814,No,<Null>,<Null>,Add,1707
68,2014,33,Polyline ZM,1/4/18,High,<Null>,<Null>,0.60123,1.70701E+13,WithDigitized,<Null>,460,46003,Unspecified,Yes,Unspecified,55000400171950.00,1707,TRUE,13518,5.50004E+13,6,1,1,5.50004E+13,5.50004E+13,55000400195366.00,11,5.50004E+13,267.824513,5.50003E+13,0.60123,Feature is not part of a divergence,Yes,No,0,0,6,5.50004E+13,5.50004E+13,0,1,35.47821,100,1.70701E+13,No,<Null>,No,No,0.0909,0.0909,0.0909,47343,38813,47343,39387,0.15873,0.50123,No,Real Headwater,2.6599999999999999E-2,Add,1707
13,2015,35,Polyline ZM,1/4/18,High,<Null>,<Null>,0.065962,1.70701E+13,WithDigitized,<Null>,460,46003,Unspecified,Yes,Unspecified,55000400035339.00,1707,TRUE,136237,5.50004E+13,7,2,2,5.50004E+13,5.50004E+13,55000400146124.00,24,5.50004E+13,269.01237,5.50003E+13,0.541924,Feature is not part of a divergence,No,No,5.50004E+13,5.50004E+13,6,5.50004E+13,5.50004E+13,0,1,0,19.127239,1.70701E+13,No,<Null>,No,No,0.0031,0.0653,0.0653,-9998,48464,49659,48464,0.181166,0.065962,Yes,<Null>,<Null>,Add,1707
34,2016,38,Polyline ZM,1/4/18,High,<Null>,<Null>,0.237578,1.70701E+13,WithDigitized,<Null>,460,46003,Unspecified,Yes,Unspecified,55000400171981.00,1707,TRUE,95379,5.50004E+13,7,1,1,5.50004E+13,5.50004E+13,55000400195354.00,12,5.50004E+13,269.950857,5.50003E+13,0.237578,Feature is not part of a divergence,Yes,No,0,0,6,5.50004E+13,5.50004E+13,0,1,0,100,1.70701E+13,No,<Null>,No,No,0.0488,0.0488,0.0488,64114,59381,64114,59381,0.344024,0.137578,Yes,Real Headwater,1.8599999999999998E-2,Add,1707
9,2017,39,Polyline ZM,1/4/18,High,<Null>,<Null>,0.078832,1.70701E+13,WithDigitized,<Null>,460,46003,Unspecified,Yes,Unspecified,55000400206200.00,1707,TRUE,225113,5.50004E+13,7,2,2,5.50004E+13,5.50004E+13,55000400089522.00,43,5.50004E+13,270.668914,5.50003E+13,0.992144,Feature is not part of a divergence,No,No,5.50004E+13,5.50004E+13,7,5.50004E+13,5.50004E+13,0,1,71.639664,76.084442,1.70701E+13,No,<Null>,No,No,0.0063,0.1839,0.1839,-9998,65512,66776,65608,0.148163,0.078832,No,<Null>,<Null>,Add,1707
16,2018,40,Polyline ZM,1/4/18,High,<Null>,<Null>,0.13676,1.70701E+13,WithDigitized,<Null>,460,46003,Unspecified,Yes,Unspecified,55000400000834.00,1707,TRUE,55086,5.50004E+13,6,2,2,5.50004E+13,5.50004E+13,55000400150320.00,23,5.50004E+13,269.235022,5.50003E+13,0.85397,Feature is not part of a divergence,No,No,5.50004E+13,5.50004E+13,6,5.50004E+13,5.50004E+13,0,1,25.406969,42.04208,1.70701E+13,No,<Null>,No,No,0.0675,0.2717,0.2717,-9998,52964,56441,53434,0.219874,0.13676,No,<Null>,<Null>,Add,1707
78,2019,42,Polyline ZM,1/4/18,High,<Null>,<Null>,0.082188,1.70701E+13,WithDigitized,<Null>,460,46003,Unspecified,Yes,Unspecified,55000400103644.00,1707,TRUE,236019,5.50004E+13,6,2,2,5.50004E+13,5.50004E+13,55000400137630.00,25,5.50004E+13,270.046304,5.50003E+13,0.262578,Feature is not part of a divergence,No,No,5.50004E+13,5.50004E+13,5,5.50004E+13,5.50004E+13,0,1,0,100,1.70701E+13,No,<Null>,No,No,0.0125,0.0397,0.0397,-9998,67930,73013,67940,0.617241,0.082188,Yes,<Null>,<Null>,Add,1707
5,2020,43,Polyline ZM,1/4/18,High,<Null>,<Null>,0.307528,1.70701E+13,WithDigitized,<Null>,460,46003,Unspecified,Yes,Unspecified,55000400206199.00,1707,TRUE,39318,5.50004E+13,8,1,1,5.50004E+13,5.50004E+13,55000400180109.00,15,5.50004E+13,270.747746,5.50003E+13,0.307528,Feature is not part of a divergence,Yes,No,0,0,7,5.50004E+13,5.50004E+13,0,1,0,100,1.70701E+13,No,<Null>,No,No,0.0717,0.0717,0.0717,72080,66776,72080,66776,0.25558,0.207528,Yes,Real Headwater,3.15E-2,Add,1707
28,2021,47,Polyline ZM,1/4/18,High,<Null>,<Null>,0.225295,1.70701E+13,WithDigitized,<Null>,460,46003,Unspecified,Yes,Unspecified,55000400171985.00,1707,TRUE,13521,5.50004E+13,6,2,2,5.50004E+13,5.50004E+13,55000400129051.00,30,5.50004E+13,269.719369,5.50003E+13,0.499134,Feature is not part of a divergence,No,No,5.50004E+13,5.50004E+13,5,5.50004E+13,5.50004E+13,0,1,0,55.37167,1.70701E+13,No,<Null>,No,No,0.034,0.0792,0.0792,-9998,58228,65431,58228,0.319714,0.225295,Yes,<Null>,<Null>,Add,1707
71,2022,49,Polyline ZM,1/4/18,High,<Null>,<Null>,0.262071,1.70701E+13,WithDigitized,<Null>,460,46003,Unspecified,Yes,Unspecified,55000400035330.00,1707,TRUE,137149,5.50004E+13,6,3,3,5.50004E+13,5.50004E+13,55000400058193.00,70,5.50004E+13,268.83831,5.50003E+13,5.444797,Feature is not part of a divergence,No,No,5.50004E+13,5.50004E+13,5,5.50004E+13,5.50004E+13,0,1,0,100,1.70701E+13,No,<Null>,No,No,0.0539,0.817,0.817,-9998,41821,44194,42052,0.081733,0.262071,Yes,<Null>,<Null>,Add,1707
87,2024,56,Polyline ZM,1/4/18,High,1522756,Martha Creek,0.895384,1.70701E+13,WithDigitized,<Null>,460,46006,Unspecified,Yes,Unspecified,55000400138362.00,1707,TRUE,182838,5.50004E+13,5,5,5,5.50004E+13,5.50004E+13,55000400031701.00,88,5.50004E+13,265.893742,5.50003E+13,47.234225,Feature is not part of a divergence,No,No,5.50004E+13,5.50004E+13,5,5.50004E+13,5.50004E+13,0,1,21.36533,44.856209,1.70701E+13,No,<Null>,No,No,0.2049,7.692,7.692,-9998,32864,34621,32864,0.019623,0.895384,No,<Null>,<Null>,Add,1707
89,2025,57,Polyline ZM,1/4/18,High,<Null>,<Null>,0.096078,1.70701E+13,WithDigitized,<Null>,460,46006,Unspecified,Yes,Unspecified,55000400240301.00,1707,TRUE,43638,5.50004E+13,6,4,4,5.50004E+13,5.50004E+13,55000400052879.00,72,5.50004E+13,268.891087,5.50003E+13,11.160099,Feature is not part of a divergence,No,No,5.50004E+13,5.50004E+13,5,5.50004E+13,5.50004E+13,0,1,0,18.933479,1.70701E+13,No,<Null>,No,No,0.0062,1.8292,1.8292,-9998,42265,43024,42265,0.078998,0.096078,Yes,<Null>,<Null>,Add,1707
31,2026,59,Polyline ZM,1/4/18,High,<Null>,<Null>,0.136714,1.70701E+13,WithDigitized,<Null>,460,46003,Unspecified,Yes,Unspecified,55000400138279.00,1707,TRUE,256891,5.50004E+13,6,3,3,5.50004E+13,5.50004E+13,55000400064418.00,62,5.50004E+13,268.727066,5.50003E+13,3.534719,Feature is not part of a divergence,No,No,5.50004E+13,5.50004E+13,6,5.50004E+13,5.50004E+13,0,1,48.46352,72.029343,1.70701E+13,No,<Null>,No,No,0.0206,0.8273,0.8273,-9998,45758,47096,46049,0.076583,0.136714,No,<Null>,<Null>,Add,1707
74,2027,60,Polyline ZM,1/4/18,High,<Null>,<Null>,0.71486,1.70701E+13,WithDigitized,<Null>,460,46003,Unspecified,Yes,Unspecified,55000400103646.00,1707,TRUE,213775,5.50004E+13,7,1,1,5.50004E+13,5.50004E+13,55000400225588.00,4,5.50004E+13,269.100382,5.50003E+13,0.71486,Feature is not part of a divergence,Yes,No,0,0,6,5.50004E+13,5.50004E+13,0,1,0,100,1.70701E+13,No,<Null>,No,No,0.1377,0.1377,0.1377,70435,44194,70435,44194,0.42678,0.61486,Yes,Real Headwater,2.7799999999999998E-2,Add,1707
12,2028,61,Polyline ZM,1/4/18,High,<Null>,<Null>,0.097211,1.70701E+13,WithDigitized,<Null>,460,46003,Unspecified,Yes,Unspecified,55000400240373.00,1707,TRUE,84017,5.50004E+13,7,1,1,5.50004E+13,5.50004E+13,55000400165035.00,19,5.50004E+13,269.235022,5.50003E+13,0.097211,Feature is not part of a divergence,Yes,No,0,0,6,5.50004E+13,5.50004E+13,0,1,0,100,1.70701E+13,No,<Null>,No,No,0.0024,0.0024,0.0024,-9998,53434,53434,53434,1e-05,0.006667,Yes,Real Headwater,0,Add,1707
39,2029,64,Polyline ZM,1/4/18,High,1522756,Martha Creek,0.06207,1.70701E+13,WithDigitized,<Null>,460,46006,Unspecified,Yes,Unspecified,55000400000966.00,1707,TRUE,181902,5.50004E+13,5,5,5,5.50004E+13,5.50004E+13,55000400038651.00,81,5.50004E+13,267.578397,5.50003E+13,33.207458,Feature is not part of a divergence,No,No,5.50004E+13,5.50004E+13,5,5.50004E+13,5.50004E+13,0,1,65.561829,67.190453,1.70701E+13,No,<Null>,No,No,0.007,5.5857,5.5857,-9998,37046,37878,37751,0.020461,0.06207,No,<Null>,<Null>,Add,1707
35,2030,67,Polyline ZM,1/4/18,High,<Null>,<Null>,0.377014,1.70701E+13,WithDigitized,<Null>,460,46003,Unspecified,Yes,Unspecified,55000400206345.00,1707,TRUE,166583,5.50004E+13,7,1,1,5.50004E+13,5.50004E+13,55000400180043.00,17,5.50004E+13,270.333547,5.50003E+13,0.377014,Feature is not part of a divergence,Yes,No,0,0,6,5.50004E+13,5.50004E+13,0,1,0,100,1.70701E+13,No,<Null>,No,No,0.0512,0.0512,0.0512,65251,61406,65251,62070,0.114832,0.277014,Yes,Real Headwater,6.6E-3,Add,1707
6,2031,70,Polyline ZM,1/4/18,High,<Null>,<Null>,0.497949,1.70701E+13,WithDigitized,<Null>,460,46003,Unspecified,Yes,Unspecified,55000400240232.00,1707,TRUE,174760,5.50004E+13,7,2,2,5.50004E+13,5.50004E+13,55000400079353.00,51,5.50004E+13,270.170965,5.50003E+13,1.750638,Feature is not part of a divergence,No,No,5.50004E+13,5.50004E+13,6,5.50004E+13,5.50004E+13,0,1,43.558392,71.639664,1.70701E+13,No,<Null>,No,No,0.0887,0.3213,0.3213,-9998,60983,65608,60983,0.092881,0.497949,Yes,<Null>,<Null>,Add,1707
11,2032,73,Polyline ZM,1/4/18,High,<Null>,<Null>,0.162582,1.70701E+13,WithDigitized,<Null>,460,46003,Unspecified,Yes,Unspecified,55000400138275.00,1707,TRUE,199606,5.50004E+13,6,2,2,5.50004E+13,5.50004E+13,55000400075035.00,54,5.50004E+13,270.170965,5.50003E+13,2.136756,Feature is not part of a divergence,No,No,5.50004E+13,5.50004E+13,6,5.50004E+13,5.50004E+13,0,1,0,25.168039,1.70701E+13,No,<Null>,No,No,0.014,0.2707,0.2707,-9998,59931,62070,60983,0.066858,0.162582,No,<Null>,<Null>,Add,1707
84,2033,75,Polyline ZM,1/4/18,High,1522756,Martha Creek,0.052777,1.70701E+13,WithDigitized,<Null>,460,46006,Unspecified,Yes,Unspecified,55000400069533.00,1707,TRUE,57007,5.50004E+13,5,5,5,5.50004E+13,5.50004E+13,55000400051884.00,73,5.50004E+13,268.83831,5.50003E+13,16.861874,Feature is not part of a divergence,No,No,5.50004E+13,5.50004E+13,5,5.50004E+13,5.50004E+13,0,1,98.615288,100,1.70701E+13,No,<Null>,No,No,0.0159,2.9023,2.9023,-9998,42052,42265,42052,0.040358,0.052777,No,<Null>,<Null>,Add,1707
77,2034,78,Polyline ZM,1/4/18,High,<Null>,<Null>,0.258703,1.70701E+13,WithDigitized,<Null>,460,46003,Unspecified,Yes,Unspecified,55000400103648.00,1707,TRUE,236020,5.50004E+13,6,3,3,5.50004E+13,5.50004E+13,55000400064959.00,61,5.50004E+13,269.27025,5.50003E+13,4.078458,Feature is not part of a divergence,No,No,5.50004E+13,5.50004E+13,6,5.50004E+13,5.50004E+13,0,1,0,100,1.70701E+13,No,<Null>,No,No,0.032,0.5541,0.5541,-9998,48465,54040,49680,0.168533,0.258703,No,<Null>,<Null>,Add,1707
75,2035,82,Polyline ZM,1/4/18,High,<Null>,<Null>,0.169869,1.70701E+13,WithDigitized,<Null>,460,46003,Unspecified,Yes,Unspecified,55000400069454.00,1707,TRUE,79847,5.50004E+13,6,3,3,5.50004E+13,5.50004E+13,55000400061295.00,65,5.50004E+13,269.100382,5.50003E+13,4.467866,Feature is not part of a divergence,No,No,5.50004E+13,5.50004E+13,6,5.50004E+13,5.50004E+13,0,1,0,100,1.70701E+13,No,<Null>,No,No,0.0275,0.6254,0.6254,-9998,43808,49680,44194,0.322955,0.169869,No,<Null>,<Null>,Add,1707
17,2036,83,Polyline ZM,1/4/18,High,<Null>,<Null>,0.094399,1.70701E+13,WithDigitized,<Null>,460,46003,Unspecified,Yes,Unspecified,55000400138274.00,1707,TRUE,121393,5.50004E+13,6,2,2,5.50004E+13,5.50004E+13,55000400107211.00,35,5.50004E+13,270.534785,5.50003E+13,0.54451,Feature is not part of a divergence,No,No,5.50004E+13,5.50004E+13,6,5.50004E+13,5.50004E+13,0,1,56.322521,70.937752,1.70701E+13,No,<Null>,No,No,0.0055,0.0818,0.0818,-9998,64250,66130,64279,0.196082,0.094399,No,<Null>,<Null>,Add,1707
66,2037,84,Polyline ZM,1/4/18,High,<Null>,<Null>,0.453574,1.70701E+13,WithDigitized,<Null>,460,46003,Unspecified,Yes,Unspecified,55000400206279.00,1707,TRUE,144107,5.50004E+13,6,3,3,5.50004E+13,5.50004E+13,55000400056159.00,71,5.50004E+13,267.992314,5.50003E+13,5.288038,Feature is not part of a divergence,No,No,5.50004E+13,5.50004E+13,5,5.50004E+13,5.50004E+13,0,1,0,100,1.70701E+13,No,<Null>,No,No,0.0549,1.0379,1.0379,-9998,38974,43081,39512,0.078686,0.453574,Yes,<Null>,<Null>,Add,1707
88,2038,86,Polyline ZM,1/4/18,High,<Null>,<Null>,0.411412,1.70701E+13,WithDigitized,<Null>,460,46006,Unspecified,Yes,Unspecified,55000400035273.00,1707,TRUE,269153,5.50004E+13,6,4,4,5.50004E+13,5.50004E+13,55000400058194.00,69,5.50004E+13,268.987165,5.50003E+13,9.998106,Feature is not part of a divergence,No,No,5.50004E+13,5.50004E+13,6,5.50004E+13,5.50004E+13,0,1,18.933479,100,1.70701E+13,No,<Null>,No,No,0.0596,1.591,1.591,-9998,42498,51052,43024,0.195133,0.411412,No,<Null>,<Null>,Add,1707
86,2039,87,Polyline ZM,1/4/18,High,1522756,Martha Creek,0.177791,1.70701E+13,WithDigitized,<Null>,460,46006,Unspecified,Yes,Unspecified,55000400172167.00,1707,TRUE,230719,5.50004E+13,5,5,5,5.50004E+13,5.50004E+13,55000400033095.00,86,5.50004E+13,267.087492,5.50003E+13,37.815856,Feature is not part of a divergence,No,No,5.50004E+13,5.50004E+13,5,5.50004E+13,5.50004E+13,0,1,52.683571,57.347832,1.70701E+13,No,<Null>,No,No,0.0148,6.2932,6.2932,-9998,35270,35710,35305,0.02278,0.177791,No,<Null>,<Null>,Add,1707
60,2040,90,Polyline ZM,1/4/18,High,1522756,Martha Creek,0.430522,1.70701E+13,WithDigitized,<Null>,460,46003,Unspecified,Yes,Unspecified,55000400240302.00,1707,TRUE,137000,5.50004E+13,5,4,4,5.50004E+13,5.50004E+13,55000400059015.00,68,5.50004E+13,268.891087,5.50003E+13,5.648998,Feature is not part of a divergence,No,No,5.50004E+13,5.50004E+13,5,5.50004E+13,5.50004E+13,0,1,0,29.85585,1.70701E+13,No,<Null>,No,No,0.0828,1.0572,1.0572,-9998,42195,47889,42265,0.130632,0.430522,No,<Null>,<Null>,Add,1707
14,2041,91,Polyline ZM,1/4/18,High,<Null>,<Null>,0.464804,1.70701E+13,WithDigitized,<Null>,460,46003,Unspecified,Yes,Unspecified,55000400240220.00,1707,TRUE,218955,5.50004E+13,7,3,3,5.50004E+13,5.50004E+13,55000400072594.00,55,5.50004E+13,269.81732,5.50003E+13,3.797054,Feature is not part of a divergence,No,No,5.50004E+13,5.50004E+13,7,5.50004E+13,5.50004E+13,0,1,23.44734,49.477379,1.70701E+13,No,<Null>,No,No,0.0844,0.6827,0.6827,-9998,56064,61643,57448,0.090253,0.464804,No,<Null>,<Null>,Add,1707
24,2042,92,Polyline ZM,1/4/18,High,<Null>,<Null>,0.235222,1.70701E+13,WithDigitized,<Null>,460,46003,Unspecified,Yes,Unspecified,55000400069530.00,1707,TRUE,131012,5.50004E+13,6,3,3,5.50004E+13,5.50004E+13,55000400061294.00,66,5.50004E+13,269.398577,5.50003E+13,5.005482,Feature is not part of a divergence,No,No,5.50004E+13,5.50004E+13,6,5.50004E+13,5.50004E+13,0,1,0,13.26308,1.70701E+13,No,<Null>,No,No,0.0272,0.7108,0.7108,-9998,51052,55205,51052,0.176557,0.235222,No,<Null>,<Null>,Add,1707
21,2043,95,Polyline ZM,1/4/18,High,<Null>,<Null>,0.279589,1.70701E+13,WithDigitized,<Null>,460,46003,Unspecified,Yes,Unspecified,55000400000632.00,1707,TRUE,27567,5.50004E+13,7,3,3,5.50004E+13,5.50004E+13,55000400098303.00,38,5.50004E+13,270.487936,5.50003E+13,1.625857,Feature is not part of a divergence,No,No,5.50004E+13,5.50004E+13,7,5.50004E+13,5.50004E+13,0,1,0,42.72715,1.70701E+13,No,<Null>,No,No,0.0648,0.3034,0.3034,-9998,65923,71828,65923,0.211203,0.279589,No,<Null>,<Null>,Add,1707
22,2044,96,Polyline ZM,1/4/18,High,<Null>,<Null>,0.051114,1.70701E+13,WithDigitized,<Null>,460,46003,Unspecified,Yes,Unspecified,55000400103723.00,1707,TRUE,237512,5.50004E+13,6,3,3,5.50004E+13,5.50004E+13,55000400083594.00,50,5.50004E+13,268.961256,5.50003E+13,2.452243,Feature is not part of a divergence,No,No,5.50004E+13,5.50004E+13,6,5.50004E+13,5.50004E+13,0,1,88.826134,97.636688,1.70701E+13,No,<Null>,No,No,0.0016,0.4859,0.4859,-9998,48019,48464,48214,0.04891,0.051114,No,<Null>,<Null>,Add,1707
37,2045,97,Polyline ZM,1/4/18,High,<Null>,<Null>,0.242473,1.70701E+13,WithDigitized,<Null>,460,46003,Unspecified,Yes,Unspecified,55000400240360.00,1707,TRUE,98749,5.50004E+13,6,2,2,5.50004E+13,5.50004E+13,55000400120376.00,31,5.50004E+13,269.814704,5.50003E+13,0.433481,Feature is not part of a divergence,No,No,5.50004E+13,5.50004E+13,5,5.50004E+13,5.50004E+13,0,1,0,73.114807,1.70701E+13,No,<Null>,No,No,0.03,0.0694,0.0694,-9998,59708,68917,60250,0.357442,0.242473,Yes,<Null>,<Null>,Add,1707
58,2046,99,Polyline ZM,1/4/18,High,1522756,Martha Creek,0.298366,1.70701E+13,WithDigitized,<Null>,460,46006,Unspecified,Yes,Unspecified,55000400103869.00,1707,TRUE,51072,5.50004E+13,5,5,5,5.50004E+13,5.50004E+13,55000400032561.00,87,5.50004E+13,266.789126,5.50003E+13,38.668305,Feature is not part of a divergence,No,No,5.50004E+13,5.50004E+13,5,5.50004E+13,5.50004E+13,0,1,44.856209,52.683571,1.70701E+13,No,<Null>,No,No,0.0524,6.4079,6.4079,-9998,34621,35305,34621,0.022925,0.298366,No,<Null>,<Null>,Add,1707
4,2047,100,Polyline ZM,1/4/18,High,<Null>,<Null>,0.205812,1.70701E+13,WithDigitized,<Null>,460,46003,Unspecified,Yes,Unspecified,55000400035200.00,1707,TRUE,167778,5.50004E+13,7,3,3,5.50004E+13,5.50004E+13,55000400085692.00,48,5.50004E+13,270.282124,5.50003E+13,2.94737,Feature is not part of a divergence,No,No,5.50004E+13,5.50004E+13,7,5.50004E+13,5.50004E+13,0,1,49.477379,61.001839,1.70701E+13,No,<Null>,No,No,0.0312,0.4976,0.4976,-9998,61208,65923,61643,0.207957,0.205812,No,<Null>,<Null>,Add,1707
55,2048,102,Polyline ZM,1/4/18,High,1522756,Martha Creek,0.351848,1.70701E+13,WithDigitized,<Null>,460,46006,Unspecified,Yes,Unspecified,55000400206351.00,1707,TRUE,14687,5.50004E+13,5,5,5,5.50004E+13,5.50004E+13,55000400038944.00,80,5.50004E+13,267.640467,5.50003E+13,32.796149,Feature is not part of a divergence,No,No,5.50004E+13,5.50004E+13,5,5.50004E+13,5.50004E+13,0,1,67.190453,76.420677,1.70701E+13,No,<Null>,No,No,0.0445,5.5444,5.5444,-9998,37793,39512,37878,0.046441,0.351848,No,<Null>,<Null>,Add,1707
2,2049,103,Polyline ZM,1/4/18,High,<Null>,<Null>,0.11677,1.70701E+13,WithDigitized,<Null>,460,46003,Unspecified,Yes,Unspecified,55000400206271.00,1707,TRUE,110403,5.50004E+13,6,3,3,5.50004E+13,5.50004E+13,55000400063359.00,63,5.50004E+13,269.633799,5.50003E+13,4.611294,Feature is not part of a divergence,No,No,5.50004E+13,5.50004E+13,6,5.50004E+13,5.50004E+13,0,1,13.26308,19.849461,1.70701E+13,No,<Null>,No,No,0.0076,0.6748,0.6748,-9998,54928,56113,55205,0.07776,0.11677,No,<Null>,<Null>,Add,1707
59,2050,104,Polyline ZM,1/4/18,High,<Null>,<Null>,0.126693,1.70701E+13,WithDigitized,<Null>,460,46003,Unspecified,Yes,Unspecified,55000400000635.00,1707,TRUE,35934,5.50004E+13,7,2,2,5.50004E+13,5.50004E+13,55000400150341.00,21,5.50004E+13,270.139061,5.50003E+13,0.325788,Feature is not part of a divergence,No,No,5.50004E+13,5.50004E+13,6,5.50004E+13,5.50004E+13,0,1,0,50.732159,1.70701E+13,No,<Null>,No,No,0.0133,0.0563,0.0563,-9998,61506,69145,61506,0.602956,0.126693,Yes,<Null>,<Null>,Add,1707
40,2051,106,Polyline ZM,1/4/18,High,1522756,Martha Creek,0.08281,1.70701E+13,WithDigitized,<Null>,460,46006,Unspecified,Yes,Unspecified,55000400172100.00,1707,TRUE,32230,5.50004E+13,5,5,5,5.50004E+13,5.50004E+13,55000400033987.00,85,5.50004E+13,267.265283,5.50003E+13,37.362443,Feature is not part of a divergence,No,No,5.50004E+13,5.50004E+13,5,5.50004E+13,5.50004E+13,0,1,57.347832,59.520168,1.70701E+13,No,<Null>,No,No,0.0051,6.2444,6.2444,-9998,35572,36178,35710,0.056515,0.08281,No,<Null>,<Null>,Add,1707
56,2052,109,Polyline ZM,1/4/18,High,<Null>,<Null>,0.096723,1.70701E+13,WithDigitized,<Null>,460,46003,Unspecified,Yes,Unspecified,55000400138076.00,1707,TRUE,198314,5.50004E+13,6,2,2,5.50004E+13,5.50004E+13,55000400133361.00,27,5.50004E+13,270.190103,5.50003E+13,0.380965,Feature is not part of a divergence,No,No,5.50004E+13,5.50004E+13,6,5.50004E+13,5.50004E+13,0,1,81.275497,90.327049,1.70701E+13,No,<Null>,No,No,0.0223,0.0807,0.0807,-9998,62807,67690,63491,0.434125,0.096723,No,<Null>,<Null>,Add,1707
18,2053,112,Polyline ZM,1/4/18,High,<Null>,<Null>,0.323454,1.70701E+13,WithDigitized,<Null>,460,46003,Unspecified,Yes,Unspecified,55000400138088.00,1707,TRUE,99039,5.50004E+13,7,1,1,5.50004E+13,5.50004E+13,55000400210339.00,5,5.50004E+13,270.534785,5.50003E+13,0.323454,Feature is not part of a divergence,Yes,No,0,0,6,5.50004E+13,5.50004E+13,0,1,0,100,1.70701E+13,No,<Null>,No,No,0.0558,0.0558,0.0558,69164,64279,69164,64279,0.218614,0.223454,Yes,Real Headwater,2.06E-2,Add,1707
64,2054,118,Polyline ZM,1/4/18,High,<Null>,<Null>,0.27892,1.70701E+13,WithDigitized,<Null>,460,46003,Unspecified,Yes,Unspecified,55000400138225.00,1707,TRUE,170097,5.50004E+13,7,1,1,5.50004E+13,5.50004E+13,55000400210280.00,8,5.50004E+13,269.078332,5.50003E+13,0.27892,Feature is not part of a divergence,Yes,No,0,0,7,5.50004E+13,5.50004E+13,0,1,19.127239,100,1.70701E+13,No,<Null>,No,No,0.0543,0.0543,0.0543,54843,49659,54843,49659,0.289738,0.17892,No,Real Headwater,2.8899999999999999E-2,Add,1707
65,2055,119,Polyline ZM,1/4/18,High,<Null>,<Null>,0.281178,1.70701E+13,WithDigitized,<Null>,460,46003,Unspecified,Yes,Unspecified,55000400171978.00,1707,TRUE,53351,5.50004E+13,6,3,3,5.50004E+13,5.50004E+13,55000400059901.00,67,5.50004E+13,268.445889,5.50003E+13,4.254119,Feature is not part of a divergence,No,No,5.50004E+13,5.50004E+13,6,5.50004E+13,5.50004E+13,0,1,0,48.46352,1.70701E+13,No,<Null>,No,No,0.0403,0.9286,0.9286,-9998,43081,46049,43081,0.105556,0.281178,No,<Null>,<Null>,Add,1707
79,2056,122,Polyline ZM,1/4/18,High,<Null>,<Null>,0.174483,1.70701E+13,WithDigitized,<Null>,460,46003,Unspecified,Yes,Unspecified,55000400171946.00,1707,TRUE,213351,5.50004E+13,7,2,2,5.50004E+13,5.50004E+13,55000400129057.00,29,5.50004E+13,269.528954,5.50003E+13,0.744016,Feature is not part of a divergence,No,No,5.50004E+13,5.50004E+13,6,5.50004E+13,5.50004E+13,0,1,0,100,1.70701E+13,No,<Null>,No,No,0.0172,0.0919,0.0919,-9998,54040,62801,54040,0.502112,0.174483,Yes,<Null>,<Null>,Add,1707
62,2057,128,Polyline ZM,1/4/18,High,1522756,Martha Creek,0.161942,1.70701E+13,WithDigitized,<Null>,460,46003,Unspecified,Yes,Unspecified,55000400035270.00,1707,TRUE,58193,5.50004E+13,5,3,3,5.50004E+13,5.50004E+13,55000400096780.00,40,5.50004E+13,269.884361,5.50003E+13,0.941746,Feature is not part of a divergence,No,No,5.50004E+13,5.50004E+13,5,5.50004E+13,5.50004E+13,0,1,68.87944,80.111122,1.70701E+13,No,<Null>,No,No,0.02,0.1823,0.1823,-9998,60933,67940,61619,0.390324,0.161942,No,<Null>,<Null>,Add,1707
48,2058,129,Polyline ZM,1/4/18,High,1522756,Martha Creek,0.136566,1.70701E+13,WithDigitized,<Null>,460,46006,Unspecified,Yes,Unspecified,55000400138387.00,1707,TRUE,84576,5.50004E+13,5,5,5,5.50004E+13,5.50004E+13,55000400035914.00,83,5.50004E+13,267.357314,5.50003E+13,35.445579,Feature is not part of a divergence,No,No,5.50004E+13,5.50004E+13,5,5.50004E+13,5.50004E+13,0,1,59.7621,63.344391,1.70701E+13,No,<Null>,No,No,0.0074,5.8249,5.8249,-9998,36329,37751,36329,0.104125,0.136566,No,<Null>,<Null>,Add,1707
8,2059,131,Polyline ZM,1/4/18,High,1522756,Martha Creek,0.069658,1.70701E+13,WithDigitized,<Null>,460,46003,Unspecified,Yes,Unspecified,55000400000825.00,1707,TRUE,56823,5.50004E+13,5,3,3,5.50004E+13,5.50004E+13,55000400086694.00,45,5.50004E+13,269.814704,5.50003E+13,1.353953,Feature is not part of a divergence,No,No,5.50004E+13,5.50004E+13,5,5.50004E+13,5.50004E+13,0,1,64.049316,68.87944,1.70701E+13,No,<Null>,No,No,0.0132,0.2681,0.2681,-9998,60250,61619,60250,0.196533,0.069658,No,<Null>,<Null>,Add,1707
69,2060,132,Polyline ZM,1/4/18,High,<Null>,<Null>,0.629247,1.70701E+13,WithDigitized,<Null>,460,46003,Unspecified,Yes,Unspecified,55000400069452.00,1707,TRUE,263542,5.50004E+13,6,3,3,5.50004E+13,5.50004E+13,55000400084684.00,49,5.50004E+13,269.321609,5.50003E+13,1.95232,Feature is not part of a divergence,No,No,5.50004E+13,5.50004E+13,5,5.50004E+13,5.50004E+13,0,1,0,58.887692,1.70701E+13,No,<Null>,No,No,0.1165,0.3721,0.3721,-9998,46411,59381,47889,0.182631,0.629247,Yes,<Null>,<Null>,Add,1707
20,2061,133,Polyline ZM,1/4/18,High,<Null>,<Null>,0.197042,1.70701E+13,WithDigitized,<Null>,460,46003,Unspecified,Yes,Unspecified,55000400171994.00,1707,TRUE,231988,5.50004E+13,8,1,1,5.50004E+13,5.50004E+13,55000400195346.00,13,5.50004E+13,269.078332,5.50003E+13,0.197042,Feature is not part of a divergence,Yes,No,0,0,7,5.50004E+13,5.50004E+13,0,1,0,100,1.70701E+13,No,<Null>,No,No,0.0079,0.0079,0.0079,51530,49477,51530,49659,0.192803,0.097042,Yes,Real Headwater,4.5999999999999999E-3,Add,1707
43,2062,134,Polyline ZM,1/4/18,High,<Null>,<Null>,0.013714,1.70701E+13,WithDigitized,<Null>,460,46003,Unspecified,Yes,Unspecified,55000400069540.00,1707,TRUE,18477,5.50004E+13,6,3,3,5.50004E+13,5.50004E+13,55000400095326.00,41,5.50004E+13,269.01237,5.50003E+13,1.859205,Feature is not part of a divergence,No,No,5.50004E+13,5.50004E+13,6,5.50004E+13,5.50004E+13,0,1,97.636688,100,1.70701E+13,No,<Null>,No,No,6e-04,0.419,0.419,-9998,48382,48659,48464,0.14219,0.013714,No,<Null>,<Null>,Add,1707
38,2063,135,Polyline ZM,1/4/18,High,<Null>,<Null>,0.049272,1.70701E+13,WithDigitized,<Null>,460,46003,Unspecified,Yes,Unspecified,55000400103728.00,1707,TRUE,71727,5.50004E+13,6,3,3,5.50004E+13,5.50004E+13,55000400069953.00,58,5.50004E+13,268.863781,5.50003E+13,3.328228,Feature is not part of a divergence,No,No,5.50004E+13,5.50004E+13,6,5.50004E+13,5.50004E+13,0,1,72.029343,80.521393,1.70701E+13,No,<Null>,No,No,0.0038,0.8043,0.8043,-9998,46996,47581,47096,0.098434,0.049272,No,<Null>,<Null>,Add,1707
26,2064,142,Polyline ZM,1/4/18,High,<Null>,<Null>,0.188204,1.70701E+13,WithDigitized,<Null>,460,46003,Unspecified,Yes,Unspecified,55000400206339.00,1707,TRUE,251319,5.50004E+13,6,3,3,5.50004E+13,5.50004E+13,55000400089518.00,44,5.50004E+13,269.950857,5.50003E+13,1.085495,Feature is not part of a divergence,No,No,5.50004E+13,5.50004E+13,6,5.50004E+13,5.50004E+13,0,1,58.887692,76.499367,1.70701E+13,No,<Null>,No,No,0.04,0.2068,0.2068,-9998,58281,61506,59381,0.112909,0.188204,No,<Null>,<Null>,Add,1707
42,2065,143,Polyline ZM,1/4/18,High,<Null>,<Null>,0.259522,1.70701E+13,WithDigitized,<Null>,460,46003,Unspecified,Yes,Unspecified,55000400035338.00,1707,TRUE,106559,5.50004E+13,7,2,2,5.50004E+13,5.50004E+13,55000400113908.00,32,5.50004E+13,269.026084,5.50003E+13,0.685372,Feature is not part of a divergence,No,No,5.50004E+13,5.50004E+13,6,5.50004E+13,5.50004E+13,0,1,0,53.81945,1.70701E+13,No,<Null>,No,No,0.0226,0.117,0.117,-9998,48659,54452,48659,0.223218,0.259522,Yes,<Null>,<Null>,Add,1707
61,2066,144,Polyline ZM,1/4/18,High,1522756,Martha Creek,0.199398,1.70701E+13,WithDigitized,<Null>,460,46003,Unspecified,Yes,Unspecified,55000400206273.00,1707,TRUE,154154,5.50004E+13,5,3,3,5.50004E+13,5.50004E+13,55000400063358.00,64,5.50004E+13,269.321609,5.50003E+13,3.266156,Feature is not part of a divergence,No,No,5.50004E+13,5.50004E+13,5,5.50004E+13,5.50004E+13,0,1,29.85585,43.683529,1.70701E+13,No,<Null>,No,No,0.038,0.6023,0.6023,-9998,47889,52896,47889,0.251106,0.199398,No,<Null>,<Null>,Add,1707
76,2067,147,Polyline ZM,1/4/18,High,<Null>,<Null>,0.219539,1.70701E+13,WithDigitized,<Null>,460,46003,Unspecified,Yes,Unspecified,55000400000827.00,1707,TRUE,223184,5.50004E+13,7,1,1,5.50004E+13,5.50004E+13,55000400271606.00,1,5.50004E+13,269.27025,5.50003E+13,0.219539,Feature is not part of a divergence,Yes,No,0,0,6,5.50004E+13,5.50004E+13,0,1,0,100,1.70701E+13,No,<Null>,No,No,0.0438,0.0438,0.0438,51801,49680,51801,49680,0.177431,0.119539,Yes,Real Headwater,2.7199999999999998E-2,Add,1707
41,2068,149,Polyline ZM,1/4/18,High,1522756,Martha Creek,0.116896,1.70701E+13,WithDigitized,<Null>,460,46006,Unspecified,Yes,Unspecified,55000400138271.00,1707,TRUE,182835,5.50004E+13,5,5,5,5.50004E+13,5.50004E+13,55000400043472.00,77,5.50004E+13,268.229514,5.50003E+13,26.535617,Feature is not part of a divergence,No,No,5.50004E+13,5.50004E+13,5,5.50004E+13,5.50004E+13,0,1,82.643303,85.709862,1.70701E+13,No,<Null>,No,No,0.0349,4.3856,4.3856,-9998,39816,40352,40352,1e-05,0.116896,No,<Null>,<Null>,Add,1707
19,2069,150,Polyline ZM,1/4/18,High,<Null>,<Null>,0.208937,1.70701E+13,WithDigitized,<Null>,460,46003,Unspecified,Yes,Unspecified,55000400069539.00,1707,TRUE,263546,5.50004E+13,6,2,2,5.50004E+13,5.50004E+13,55000400111660.00,33,5.50004E+13,269.026084,5.50003E+13,1.160118,Feature is not part of a divergence,No,No,5.50004E+13,5.50004E+13,6,5.50004E+13,5.50004E+13,0,1,0,25.406969,1.70701E+13,No,<Null>,No,No,0.0273,0.3014,0.3014,-9998,48621,53434,48659,0.228537,0.208937,No,<Null>,<Null>,Add,1707
67,2070,153,Polyline ZM,1/4/18,High,<Null>,<Null>,0.532302,1.70701E+13,WithDigitized,<Null>,460,46003,Unspecified,Yes,Unspecified,55000400206278.00,1707,TRUE,34194,5.50004E+13,7,1,1,5.50004E+13,5.50004E+13,55000400180073.00,16,5.50004E+13,268.678749,5.50003E+13,0.532302,Feature is not part of a divergence,Yes,No,0,0,6,5.50004E+13,5.50004E+13,0,1,0,100,1.70701E+13,No,<Null>,No,No,0.0642,0.0642,0.0642,54302,42337,54302,42337,0.276774,0.432302,Yes,Real Headwater,1.46E-2,Add,1707
30,2071,154,Polyline ZM,1/4/18,High,<Null>,<Null>,0.044745,1.70701E+13,WithDigitized,<Null>,460,46003,Unspecified,Yes,Unspecified,55000400069542.00,1707,TRUE,79849,5.50004E+13,6,2,2,5.50004E+13,5.50004E+13,55000400095325.00,42,5.50004E+13,268.55019,5.50003E+13,2.159985,Feature is not part of a divergence,No,No,5.50004E+13,5.50004E+13,6,5.50004E+13,5.50004E+13,0,1,36.793671,58.788971,1.70701E+13,No,<Null>,No,No,0.0059,0.3096,0.3096,-9998,40555,41617,41390,0.050732,0.044745,No,<Null>,<Null>,Add,1707
32,2072,157,Polyline ZM,1/4/18,High,<Null>,<Null>,0.051042,1.70701E+13,WithDigitized,<Null>,460,46003,Unspecified,Yes,Unspecified,55000400171866.00,1707,TRUE,13516,5.50004E+13,6,2,2,5.50004E+13,5.50004E+13,55000400104980.00,36,5.50004E+13,270.139061,5.50003E+13,0.571503,Feature is not part of a divergence,No,No,5.50004E+13,5.50004E+13,6,5.50004E+13,5.50004E+13,0,1,76.499367,81.275497,1.70701E+13,No,<Null>,No,No,0.006,0.1105,0.1105,-9998,61307,63491,61506,0.388894,0.051042,No,<Null>,<Null>,Add,1707
33,2073,158,Polyline ZM,1/4/18,High,<Null>,<Null>,0.436143,1.70701E+13,WithDigitized,<Null>,460,46003,Unspecified,Yes,Unspecified,55000400103727.00,1707,TRUE,271699,5.50004E+13,6,2,2,5.50004E+13,5.50004E+13,55000400137621.00,26,5.50004E+13,268.678749,5.50003E+13,1.040883,Feature is not part of a divergence,No,No,5.50004E+13,5.50004E+13,6,5.50004E+13,5.50004E+13,0,1,0,55.37812,1.70701E+13,No,<Null>,No,No,0.0437,0.1274,0.1274,-9998,41756,50053,42337,0.176914,0.436143,No,<Null>,<Null>,Add,1707
57,2074,160,Polyline ZM,1/4/18,High,<Null>,<Null>,0.420396,1.70701E+13,WithDigitized,<Null>,460,46003,Unspecified,Yes,Unspecified,55000400138268.00,1707,TRUE,256890,5.50004E+13,6,3,3,5.50004E+13,5.50004E+13,55000400069292.00,59,5.50004E+13,269.750569,5.50003E+13,4.30779,Feature is not part of a divergence,No,No,5.50004E+13,5.50004E+13,6,5.50004E+13,5.50004E+13,0,1,19.849461,43.558392,1.70701E+13,No,<Null>,No,No,0.0596,0.6516,0.6516,-9998,56113,60983,56113,0.115843,0.420396,No,<Null>,<Null>,Add,1707
70,2075,161,Polyline ZM,1/4/18,High,<Null>,<Null>,0.074841,1.70701E+13,WithDigitized,<Null>,460,46003,Unspecified,Yes,Unspecified,55000400000826.00,1707,TRUE,127185,5.50004E+13,6,2,2,5.50004E+13,5.50004E+13,55000400086693.00,46,5.50004E+13,268.475349,5.50003E+13,2.555848,Feature is not part of a divergence,No,No,5.50004E+13,5.50004E+13,5,5.50004E+13,5.50004E+13,0,1,0,36.793671,1.70701E+13,No,<Null>,No,No,0.004,0.3481,0.3481,-9998,40557,41390,40652,0.098609,0.074841,Yes,<Null>,<Null>,Add,1707
10,2076,163,Polyline ZM,1/4/18,High,<Null>,<Null>,0.330632,1.70701E+13,WithDigitized,<Null>,460,46003,Unspecified,Yes,Unspecified,55000400138385.00,1707,TRUE,199611,5.50004E+13,6,2,2,5.50004E+13,5.50004E+13,55000400133324.00,28,5.50004E+13,267.49388,5.50003E+13,1.331959,Feature is not part of a divergence,No,No,5.50004E+13,5.50004E+13,5,5.50004E+13,5.50004E+13,0,1,0,35.47821,1.70701E+13,No,<Null>,No,No,0.0144,0.173,0.173,-9998,37751,39387,37751,0.049481,0.330632,Yes,<Null>,<Null>,Add,1707
44,2077,164,Polyline ZM,1/4/18,High,<Null>,<Null>,0.259775,1.70701E+13,WithDigitized,<Null>,460,46003,Unspecified,Yes,Unspecified,55000400171947.00,1707,TRUE,168702,5.50004E+13,7,1,1,5.50004E+13,5.50004E+13,55000400195368.00,10,5.50004E+13,269.535682,5.50003E+13,0.259775,Feature is not part of a divergence,Yes,No,0,0,6,5.50004E+13,5.50004E+13,0,1,0,100,1.70701E+13,No,<Null>,No,No,0.0393,0.0393,0.0393,61553,53906,61553,54040,0.470225,0.159775,Yes,Real Headwater,1.89E-2,Add,1707
1,2078,165,Polyline ZM,1/4/18,High,<Null>,<Null>,0.463086,1.70701E+13,WithDigitized,<Null>,460,46003,Unspecified,Yes,Unspecified,55000400000967.00,1707,TRUE,9579,5.50004E+13,6,1,1,5.50004E+13,5.50004E+13,55000400271546.00,2,5.50004E+13,267.348093,5.50003E+13,0.463086,Feature is not part of a divergence,Yes,No,0,0,5,5.50004E+13,5.50004E+13,0,1,0,100,1.70701E+13,No,<Null>,No,No,0.0808,0.0808,0.0808,39355,36178,39355,36178,0.0875,0.363086,Yes,Real Headwater,2.5999999999999999E-2,Add,1707
47,2079,166,Polyline ZM,1/4/18,High,<Null>,<Null>,0.626657,1.70701E+13,WithDigitized,<Null>,460,46003,Unspecified,Yes,Unspecified,55000400240375.00,1707,TRUE,212894,5.50004E+13,7,1,1,5.50004E+13,5.50004E+13,55000400165033.00,20,5.50004E+13,268.961256,5.50003E+13,0.626657,Feature is not part of a divergence,Yes,No,0,0,6,5.50004E+13,5.50004E+13,0,1,0,100,1.70701E+13,No,<Null>,No,No,0.2835,0.2835,0.2835,57184,48214,57184,48214,0.17032,0.526657,Yes,Real Headwater,4.2200000000000001E-2,Add,1707
54,2080,169,Polyline ZM,1/4/18,High,<Null>,<Null>,0.291761,1.70701E+13,WithDigitized,<Null>,460,46003,Unspecified,Yes,Unspecified,55000400171873.00,1707,TRUE,95377,5.50004E+13,7,2,2,5.50004E+13,5.50004E+13,55000400104979.00,37,5.50004E+13,270.747746,5.50003E+13,0.605784,Feature is not part of a divergence,No,No,5.50004E+13,5.50004E+13,7,5.50004E+13,5.50004E+13,0,1,76.084442,92.534927,1.70701E+13,No,<Null>,No,No,0.0252,0.1059,0.1059,-9998,65952,73282,66776,0.222991,0.291761,No,<Null>,<Null>,Add,1707
73,2081,170,Polyline ZM,1/4/18,High,<Null>,<Null>,0.486495,1.70701E+13,WithDigitized,<Null>,460,46003,Unspecified,Yes,Unspecified,55000400035272.00,1707,TRUE,126037,5.50004E+13,6,1,1,5.50004E+13,5.50004E+13,55000400256090.00,3,5.50004E+13,269.521008,5.50003E+13,0.486495,Feature is not part of a divergence,Yes,No,0,0,5,5.50004E+13,5.50004E+13,0,1,0,100,1.70701E+13,No,<Null>,No,No,0.0993,0.0993,0.0993,67332,52453,67332,52896,0.373511,0.386495,Yes,Real Headwater,2.9899999999999999E-2,Add,1707
52,2082,171,Polyline ZM,1/4/18,High,1522756,Martha Creek,0.198361,1.70701E+13,WithDigitized,<Null>,460,46003,Unspecified,Yes,Unspecified,55000400035328.00,1707,TRUE,182541,5.50004E+13,5,3,3,5.50004E+13,5.50004E+13,55000400071203.00,57,5.50004E+13,269.521008,5.50003E+13,2.580263,Feature is not part of a divergence,No,No,5.50004E+13,5.50004E+13,5,5.50004E+13,5.50004E+13,0,1,43.683529,57.439831,1.70701E+13,No,<Null>,No,No,0.032,0.465,0.465,-9998,52896,58228,52896,0.268803,0.198361,No,<Null>,<Null>,Add,1707
85,2083,174,Polyline ZM,1/4/18,High,1522756,Martha Creek,0.266929,1.70701E+13,WithDigitized,<Null>,460,46006,Unspecified,Yes,Unspecified,55000400103647.00,1707,TRUE,188164,5.50004E+13,5,5,5,5.50004E+13,5.50004E+13,55000400049194.00,74,5.50004E+13,268.571381,5.50003E+13,22.573601,Feature is not part of a divergence,No,No,5.50004E+13,5.50004E+13,5,5.50004E+13,5.50004E+13,0,1,91.611763,98.615288,1.70701E+13,No,<Null>,No,No,0.0978,3.8171,3.8171,-9998,41184,42052,41184,0.032518,0.266929,No,<Null>,<Null>,Add,1707
82,2084,175,Polyline ZM,1/4/18,High,1522756,Martha Creek,0.12894,1.70701E+13,WithDigitized,<Null>,460,46006,Unspecified,Yes,Unspecified,55000400069455.00,1707,TRUE,57006,5.50004E+13,5,5,5,5.50004E+13,5.50004E+13,55000400045532.00,76,5.50004E+13,268.34641,5.50003E+13,26.032175,Feature is not part of a divergence,No,No,5.50004E+13,5.50004E+13,5,5.50004E+13,5.50004E+13,0,1,85.709862,89.092102,1.70701E+13,No,<Null>,No,No,0.0135,4.2864,4.2864,-9998,39943,40652,40352,0.023267,0.12894,No,<Null>,<Null>,Add,1707
27,2085,176,Polyline ZM,1/4/18,High,<Null>,<Null>,0.22162,1.70701E+13,WithDigitized,<Null>,460,46003,Unspecified,Yes,Unspecified,55000400000646.00,1707,TRUE,239414,5.50004E+13,8,2,2,5.50004E+13,5.50004E+13,55000400150339.00,22,5.50004E+13,270.487936,5.50003E+13,1.115701,Feature is not part of a divergence,No,No,5.50004E+13,5.50004E+13,7,5.50004E+13,5.50004E+13,0,1,61.001839,73.411682,1.70701E+13,No,<Null>,No,No,0.0224,0.163,0.163,-9998,64674,68856,65923,0.132343,0.22162,Yes,<Null>,<Null>,Add,1707
51,2086,177,Polyline ZM,1/4/18,High,1522756,Martha Creek,0.084516,1.70701E+13,WithDigitized,<Null>,460,46006,Unspecified,Yes,Unspecified,55000400000927.00,1707,TRUE,245521,5.50004E+13,5,5,5,5.50004E+13,5.50004E+13,55000400037492.00,82,5.50004E+13,267.49388,5.50003E+13,33.977054,Feature is not part of a divergence,No,No,5.50004E+13,5.50004E+13,5,5.50004E+13,5.50004E+13,0,1,63.344391,65.561829,1.70701E+13,No,<Null>,No,No,0.0043,5.6445,5.6445,-9998,36981,37751,37751,1e-05,0.084516,No,<Null>,<Null>,Add,1707
29,2087,178,Polyline ZM,1/4/18,High,<Null>,<Null>,0.038655,1.70701E+13,WithDigitized,<Null>,460,46003,Unspecified,Yes,Unspecified,55000400000831.00,1707,TRUE,194011,5.50004E+13,6,2,2,5.50004E+13,5.50004E+13,55000400086691.00,47,5.50004E+13,270.333547,5.50003E+13,1.597159,Feature is not part of a divergence,No,No,5.50004E+13,5.50004E+13,6,5.50004E+13,5.50004E+13,0,1,25.168039,31.151979,1.70701E+13,No,<Null>,No,No,0.0019,0.2055,0.2055,-9998,62070,62944,62070,0.226103,0.038655,No,<Null>,<Null>,Add,1707
46,2088,179,Polyline ZM,1/4/18,High,<Null>,<Null>,0.162583,1.70701E+13,WithDigitized,<Null>,460,46003,Unspecified,Yes,Unspecified,55000400000830.00,1707,TRUE,259839,5.50004E+13,6,2,2,5.50004E+13,5.50004E+13,55000400098291.00,39,5.50004E+13,270.372202,5.50003E+13,1.030547,Feature is not part of a divergence,No,No,5.50004E+13,5.50004E+13,6,5.50004E+13,5.50004E+13,0,1,31.151979,56.322521,1.70701E+13,No,<Null>,No,No,0.0088,0.1464,0.1464,-9998,62607,64279,62944,0.082112,0.162583,No,<Null>,<Null>,Add,1707
63,2089,180,Polyline ZM,1/4/18,High,<Null>,<Null>,0.35149,1.70701E+13,WithDigitized,<Null>,460,46003,Unspecified,Yes,Unspecified,55000400138223.00,1707,TRUE,227801,5.50004E+13,6,1,1,5.50004E+13,5.50004E+13,55000400210281.00,7,5.50004E+13,269.114892,5.50003E+13,0.35149,Feature is not part of a divergence,Yes,No,0,0,6,5.50004E+13,5.50004E+13,0,1,55.37812,100,1.70701E+13,No,<Null>,No,No,0.0568,0.0568,0.0568,54805,49870,54805,50053,0.188954,0.25149,No,Real Headwater,3.5999999999999999E-3,Add,1707