,coords.x1,coords.x2,X,OBJECTID,Shape,ORIG_FID,OBJECT,fdate,resolution,gnis_id,gnis_name,lengthkm,reachcode,flowdir,wbarea_per,ftype,fcode,mainpath,innetwork,visibility,SHAPE_Leng,Enabled,Shape_Length,Length_new,Permanent_Identifier,slope
1,-147.6538,65.145475,343,1,Point ZM,1,498,9/30/2020,2,NA,NA,0.24704,1.90803E+13,1,NA,460,46006,0,1,0,0.004814,1,0,0.246904,2002,0.045859381
2,-147.652997,65.145595,344,2,Point ZM,1,498,9/30/2020,2,NA,NA,0.24704,1.90803E+13,1,NA,460,46006,0,1,0,0.004814,1,0,0.246904,2002,0.045859381
3,-147.65222,65.145742,345,3,Point ZM,1,498,9/30/2020,2,NA,NA,0.24704,1.90803E+13,1,NA,460,46006,0,1,0,0.004814,1,0,0.246904,2002,0.045859381
4,-147.651411,65.145852,346,4,Point ZM,1,498,9/30/2020,2,NA,NA,0.24704,1.90803E+13,1,NA,460,46006,0,1,0,0.004814,1,0,0.246904,2002,0.045859381
5,-147.650608,65.145971,347,5,Point ZM,1,498,9/30/2020,2,NA,NA,0.24704,1.90803E+13,1,NA,460,46006,0,1,0,0.004814,1,0,0.246904,2002,0.045859381
6,-147.649866,65.146147,348,6,Point ZM,1,498,9/30/2020,2,NA,NA,0.24704,1.90803E+13,1,NA,460,46006,0,1,0,0.004814,1,0,0.246904,2002,0.045859381
7,-147.649216,65.146379,349,7,Point ZM,1,498,9/30/2020,2,NA,NA,0.24704,1.90803E+13,1,NA,460,46006,0,1,0,0.004814,1,0,0.246904,2002,0.045859381
8,-147.649092,65.146412,350,8,Point ZM,1,498,9/30/2020,2,NA,NA,0.24704,1.90803E+13,1,NA,460,46006,0,1,0,0.004814,1,0,0.246904,2002,0.045859381
9,-147.576804,65.143791,281,9,Point ZM,2,1016,9/30/2020,2,NA,NA,0.787809,1.90803E+13,1,NA,460,46006,0,1,0,0.011823,1,0,0.787543,2003,0.045859381
10,-147.576293,65.144069,282,10,Point ZM,2,1016,9/30/2020,2,NA,NA,0.787809,1.90803E+13,1,NA,460,46006,0,1,0,0.011823,1,0,0.787543,2003,0.045859381
11,-147.575557,65.144239,283,11,Point ZM,2,1016,9/30/2020,2,NA,NA,0.787809,1.90803E+13,1,NA,460,46006,0,1,0,0.011823,1,0,0.787543,2003,0.045859381
12,-147.575091,65.144539,284,12,Point ZM,2,1016,9/30/2020,2,NA,NA,0.787809,1.90803E+13,1,NA,460,46006,0,1,0,0.011823,1,0,0.787543,2003,0.045859381
13,-147.574528,65.144808,285,13,Point ZM,2,1016,9/30/2020,2,NA,NA,0.787809,1.90803E+13,1,NA,460,46006,0,1,0,0.011823,1,0,0.787543,2003,0.045859381
14,-147.574221,65.145142,286,14,Point ZM,2,1016,9/30/2020,2,NA,NA,0.787809,1.90803E+13,1,NA,460,46006,0,1,0,0.011823,1,0,0.787543,2003,0.045859381
15,-147.573834,65.145461,287,15,Point ZM,2,1016,9/30/2020,2,NA,NA,0.787809,1.90803E+13,1,NA,460,46006,0,1,0,0.011823,1,0,0.787543,2003,0.046847736
16,-147.573342,65.145754,288,16,Point ZM,2,1016,9/30/2020,2,NA,NA,0.787809,1.90803E+13,1,NA,460,46006,0,1,0,0.011823,1,0,0.787543,2003,0.046849079
17,-147.572815,65.146036,289,17,Point ZM,2,1016,9/30/2020,2,NA,NA,0.787809,1.90803E+13,1,NA,460,46006,0,1,0,0.011823,1,0,0.787543,2003,0.047716377
18,-147.572398,65.146348,290,18,Point ZM,2,1016,9/30/2020,2,NA,NA,0.787809,1.90803E+13,1,NA,460,46006,0,1,0,0.011823,1,0,0.787543,2003,0.045572215
19,-147.571976,65.14666,291,19,Point ZM,2,1016,9/30/2020,2,NA,NA,0.787809,1.90803E+13,1,NA,460,46006,0,1,0,0.011823,1,0,0.787543,2003,0.047960592
20,-147.571366,65.146908,292,20,Point ZM,2,1016,9/30/2020,2,NA,NA,0.787809,1.90803E+13,1,NA,460,46006,0,1,0,0.011823,1,0,0.787543,2003,0.044557543
21,-147.570708,65.147137,293,21,Point ZM,2,1016,9/30/2020,2,NA,NA,0.787809,1.90803E+13,1,NA,460,46006,0,1,0,0.011823,1,0,0.787543,2003,0.043461139
22,-147.57014,65.147403,294,22,Point ZM,2,1016,9/30/2020,2,NA,NA,0.787809,1.90803E+13,1,NA,460,46006,0,1,0,0.011823,1,0,0.787543,2003,0.04410806
23,-147.569561,65.147665,295,23,Point ZM,2,1016,9/30/2020,2,NA,NA,0.787809,1.90803E+13,1,NA,460,46006,0,1,0,0.011823,1,0,0.787543,2003,0.046295405
24,-147.568953,65.147916,296,24,Point ZM,2,1016,9/30/2020,2,NA,NA,0.787809,1.90803E+13,1,NA,460,46006,0,1,0,0.011823,1,0,0.787543,2003,0.051192889
25,-147.568427,65.148198,297,25,Point ZM,2,1016,9/30/2020,2,NA,NA,0.787809,1.90803E+13,1,NA,460,46006,0,1,0,0.011823,1,0,0.787543,2003,0.059431113
26,-147.567821,65.14845,298,26,Point ZM,2,1016,9/30/2020,2,NA,NA,0.787809,1.90803E+13,1,NA,460,46006,0,1,0,0.011823,1,0,0.787543,2003,0.067669336
27,-147.567153,65.148672,299,27,Point ZM,2,1016,9/30/2020,2,NA,NA,0.787809,1.90803E+13,1,NA,460,46006,0,1,0,0.011823,1,0,0.787543,2003,0.07590756
28,-147.566751,65.148986,300,28,Point ZM,2,1016,9/30/2020,2,NA,NA,0.787809,1.90803E+13,1,NA,460,46006,0,1,0,0.011823,1,0,0.787543,2003,0.084145784
29,-147.566498,65.14919,301,29,Point ZM,2,1016,9/30/2020,2,NA,NA,0.787809,1.90803E+13,1,NA,460,46006,0,1,0,0.011823,1,0,0.787543,2003,0.092384007
30,-147.546217,65.14024,134,30,Point ZM,3,1443,9/30/2020,2,NA,NA,1.097439,1.90803E+13,1,NA,460,46006,0,1,0,0.010945,1,0,1.119274,2004,0.100622231
31,-147.546294,65.140597,135,31,Point ZM,3,1443,9/30/2020,2,NA,NA,1.097439,1.90803E+13,1,NA,460,46006,0,1,0,0.010945,1,0,1.119274,2004,0.108860455
32,-147.546371,65.140954,136,32,Point ZM,3,1443,9/30/2020,2,NA,NA,1.097439,1.90803E+13,1,NA,460,46006,0,1,0,0.010945,1,0,1.119274,2004,0.117098678
33,-147.546213,65.141299,137,33,Point ZM,3,1443,9/30/2020,2,NA,NA,1.097439,1.90803E+13,1,NA,460,46006,0,1,0,0.010945,1,0,1.119274,2004,0.125336902
34,-147.545918,65.141635,138,34,Point ZM,3,1443,9/30/2020,2,NA,NA,1.097439,1.90803E+13,1,NA,460,46006,0,1,0,0.010945,1,0,1.119274,2004,0.133575125
35,-147.545623,65.141972,139,35,Point ZM,3,1443,9/30/2020,2,NA,NA,1.097439,1.90803E+13,1,NA,460,46006,0,1,0,0.010945,1,0,1.119274,2004,0.141813349
36,-147.545344,65.142311,140,36,Point ZM,3,1443,9/30/2020,2,NA,NA,1.097439,1.90803E+13,1,NA,460,46006,0,1,0,0.010945,1,0,1.119274,2004,0.12082064
37,-147.545088,65.142653,141,37,Point ZM,3,1443,9/30/2020,2,NA,NA,1.097439,1.90803E+13,1,NA,460,46006,0,1,0,0.010945,1,0,1.119274,2004,0.104919296
38,-147.544826,65.142995,142,38,Point ZM,3,1443,9/30/2020,2,NA,NA,1.097439,1.90803E+13,1,NA,460,46006,0,1,0,0.010945,1,0,1.119274,2004,0.103087343
39,-147.544579,65.143338,143,39,Point ZM,3,1443,9/30/2020,2,NA,NA,1.097439,1.90803E+13,1,NA,460,46006,0,1,0,0.010945,1,0,1.119274,2004,0.100123869
40,-147.544383,65.143687,144,40,Point ZM,3,1443,9/30/2020,2,NA,NA,1.097439,1.90803E+13,1,NA,460,46006,0,1,0,0.010945,1,0,1.119274,2004,0.088439431
41,-147.544181,65.144035,145,41,Point ZM,3,1443,9/30/2020,2,NA,NA,1.097439,1.90803E+13,1,NA,460,46006,0,1,0,0.010945,1,0,1.119274,2004,0.080940406
42,-147.543834,65.144363,146,42,Point ZM,3,1443,9/30/2020,2,NA,NA,1.097439,1.90803E+13,1,NA,460,46006,0,1,0,0.010945,1,0,1.119274,2004,0.078965498
43,-147.543621,65.144709,147,43,Point ZM,3,1443,9/30/2020,2,NA,NA,1.097439,1.90803E+13,1,NA,460,46006,0,1,0,0.010945,1,0,1.119274,2004,0.0782682
44,-147.543435,65.145059,148,44,Point ZM,3,1443,9/30/2020,2,NA,NA,1.097439,1.90803E+13,1,NA,460,46006,0,1,0,0.010945,1,0,1.119274,2004,0.073623506
45,-147.543252,65.145409,149,45,Point ZM,3,1443,9/30/2020,2,NA,NA,1.097439,1.90803E+13,1,NA,460,46006,0,1,0,0.010945,1,0,1.119274,2004,0.072128178
46,-147.543166,65.145766,150,46,Point ZM,3,1443,9/30/2020,2,NA,NA,1.097439,1.90803E+13,1,NA,460,46006,0,1,0,0.010945,1,0,1.119274,2004,0.070191864
47,-147.543082,65.146123,151,47,Point ZM,3,1443,9/30/2020,2,NA,NA,1.097439,1.90803E+13,1,NA,460,46006,0,1,0,0.010945,1,0,1.119274,2004,0.067682416
48,-147.542736,65.146445,152,48,Point ZM,3,1443,9/30/2020,2,NA,NA,1.097439,1.90803E+13,1,NA,460,46006,0,1,0,0.010945,1,0,1.119274,2004,0.066149208
49,-147.542814,65.146799,153,49,Point ZM,3,1443,9/30/2020,2,NA,NA,1.097439,1.90803E+13,1,NA,460,46006,0,1,0,0.010945,1,0,1.119274,2004,0.062330257
50,-147.542736,65.147156,154,50,Point ZM,3,1443,9/30/2020,2,NA,NA,1.097439,1.90803E+13,1,NA,460,46006,0,1,0,0.010945,1,0,1.119274,2004,0.067867652
51,-147.542709,65.147514,155,51,Point ZM,3,1443,9/30/2020,2,NA,NA,1.097439,1.90803E+13,1,NA,460,46006,0,1,0,0.010945,1,0,1.119274,2004,0.066423223
52,-147.542679,65.147872,156,52,Point ZM,3,1443,9/30/2020,2,NA,NA,1.097439,1.90803E+13,1,NA,460,46006,0,1,0,0.010945,1,0,1.119274,2004,0.053733838
53,-147.542594,65.148229,157,53,Point ZM,3,1443,9/30/2020,2,NA,NA,1.097439,1.90803E+13,1,NA,460,46006,0,1,0,0.010945,1,0,1.119274,2004,0.056587355
54,-147.542515,65.148586,158,54,Point ZM,3,1443,9/30/2020,2,NA,NA,1.097439,1.90803E+13,1,NA,460,46006,0,1,0,0.010945,1,0,1.119274,2004,0.061864808
55,-147.542633,65.148939,159,55,Point ZM,3,1443,9/30/2020,2,NA,NA,1.097439,1.90803E+13,1,NA,460,46006,0,1,0,0.010945,1,0,1.119274,2004,0.067142261
56,-147.542563,65.149297,160,56,Point ZM,3,1443,9/30/2020,2,NA,NA,1.097439,1.90803E+13,1,NA,460,46006,0,1,0,0.010945,1,0,1.119274,2004,0.072419714
57,-147.542478,65.149654,161,57,Point ZM,3,1443,9/30/2020,2,NA,NA,1.097439,1.90803E+13,1,NA,460,46006,0,1,0,0.010945,1,0,1.119274,2004,0.077697166
58,-147.542293,65.149994,162,58,Point ZM,3,1443,9/30/2020,2,NA,NA,1.097439,1.90803E+13,1,NA,460,46006,0,1,0,0.010945,1,0,1.119274,2004,0.082974619
59,-147.654659,65.148755,261,59,Point ZM,4,1444,9/30/2020,2,NA,NA,0.372667,1.90803E+13,1,NA,460,46006,0,1,0,0.006069,1,0,0.372523,2005,0.088252072
60,-147.654193,65.148456,262,60,Point ZM,4,1444,9/30/2020,2,NA,NA,0.372667,1.90803E+13,1,NA,460,46006,0,1,0,0.006069,1,0,0.372523,2005,0.093529525
61,-147.653697,65.148164,263,61,Point ZM,4,1444,9/30/2020,2,NA,NA,0.372667,1.90803E+13,1,NA,460,46006,0,1,0,0.006069,1,0,0.372523,2005,0.098806978
62,-147.653096,65.14791,264,62,Point ZM,4,1444,9/30/2020,2,NA,NA,0.372667,1.90803E+13,1,NA,460,46006,0,1,0,0.006069,1,0,0.372523,2005,0.10408443
63,-147.652459,65.147671,265,63,Point ZM,4,1444,9/30/2020,2,NA,NA,0.372667,1.90803E+13,1,NA,460,46006,0,1,0,0.006069,1,0,0.372523,2005,0.109361883
64,-147.651859,65.147417,266,64,Point ZM,4,1444,9/30/2020,2,NA,NA,0.372667,1.90803E+13,1,NA,460,46006,0,1,0,0.006069,1,0,0.372523,2005,0.114639336
65,-147.651304,65.147144,267,65,Point ZM,4,1444,9/30/2020,2,NA,NA,0.372667,1.90803E+13,1,NA,460,46006,0,1,0,0.006069,1,0,0.372523,2005,0.115161787
66,-147.650671,65.146905,268,66,Point ZM,4,1444,9/30/2020,2,NA,NA,0.372667,1.90803E+13,1,NA,460,46006,0,1,0,0.006069,1,0,0.372523,2005,0.115684238
67,-147.650008,65.146679,269,67,Point ZM,4,1444,9/30/2020,2,NA,NA,0.372667,1.90803E+13,1,NA,460,46006,0,1,0,0.006069,1,0,0.372523,2005,0.116206689
68,-147.649329,65.146462,270,68,Point ZM,4,1444,9/30/2020,2,NA,NA,0.372667,1.90803E+13,1,NA,460,46006,0,1,0,0.006069,1,0,0.372523,2005,0.11672914
69,-147.649092,65.146412,271,69,Point ZM,4,1444,9/30/2020,2,NA,NA,0.372667,1.90803E+13,1,NA,460,46006,0,1,0,0.006069,1,0,0.372523,2005,0.117251591
70,-147.582092,65.159871,195,70,Point ZM,7,2434,9/30/2020,2,NA,NA,0.880642,1.90803E+13,1,NA,460,46006,0,1,0,0.008721,1,0,0.880526,2006,0.117774042
71,-147.58228,65.159522,196,71,Point ZM,7,2434,9/30/2020,2,NA,NA,0.880642,1.90803E+13,1,NA,460,46006,0,1,0,0.008721,1,0,0.880526,2006,0.118296493
72,-147.582362,65.159165,197,72,Point ZM,7,2434,9/30/2020,2,NA,NA,0.880642,1.90803E+13,1,NA,460,46006,0,1,0,0.008721,1,0,0.880526,2006,0.118818944
73,-147.582449,65.158808,198,73,Point ZM,7,2434,9/30/2020,2,NA,NA,0.880642,1.90803E+13,1,NA,460,46006,0,1,0,0.008721,1,0,0.880526,2006,0.119341395
74,-147.582629,65.158458,199,74,Point ZM,7,2434,9/30/2020,2,NA,NA,0.880642,1.90803E+13,1,NA,460,46006,0,1,0,0.008721,1,0,0.880526,2006,0.119863846
75,-147.582792,65.158106,200,75,Point ZM,7,2434,9/30/2020,2,NA,NA,0.880642,1.90803E+13,1,NA,460,46006,0,1,0,0.008721,1,0,0.880526,2006,0.120386297
76,-147.582992,65.157758,201,76,Point ZM,7,2434,9/30/2020,2,NA,NA,0.880642,1.90803E+13,1,NA,460,46006,0,1,0,0.008721,1,0,0.880526,2006,0.110446636
77,-147.583166,65.157407,202,77,Point ZM,7,2434,9/30/2020,2,NA,NA,0.880642,1.90803E+13,1,NA,460,46006,0,1,0,0.008721,1,0,0.880526,2006,0.106555434
78,-147.583277,65.157052,203,78,Point ZM,7,2434,9/30/2020,2,NA,NA,0.880642,1.90803E+13,1,NA,460,46006,0,1,0,0.008721,1,0,0.880526,2006,0.101439847
79,-147.583363,65.156695,204,79,Point ZM,7,2434,9/30/2020,2,NA,NA,0.880642,1.90803E+13,1,NA,460,46006,0,1,0,0.008721,1,0,0.880526,2006,0.095537906
80,-147.583543,65.156345,205,80,Point ZM,7,2434,9/30/2020,2,NA,NA,0.880642,1.90803E+13,1,NA,460,46006,0,1,0,0.008721,1,0,0.880526,2006,0.088998778
81,-147.58372,65.155994,206,81,Point ZM,7,2434,9/30/2020,2,NA,NA,0.880642,1.90803E+13,1,NA,460,46006,0,1,0,0.008721,1,0,0.880526,2006,0.09072155
82,-147.583933,65.155647,207,82,Point ZM,7,2434,9/30/2020,2,NA,NA,0.880642,1.90803E+13,1,NA,460,46006,0,1,0,0.008721,1,0,0.880526,2006,0.093006047
83,-147.584182,65.155304,208,83,Point ZM,7,2434,9/30/2020,2,NA,NA,0.880642,1.90803E+13,1,NA,460,46006,0,1,0,0.008721,1,0,0.880526,2006,0.091318526
84,-147.584444,65.154962,209,84,Point ZM,7,2434,9/30/2020,2,NA,NA,0.880642,1.90803E+13,1,NA,460,46006,0,1,0,0.008721,1,0,0.880526,2006,0.091116892
85,-147.58467,65.154617,210,85,Point ZM,7,2434,9/30/2020,2,NA,NA,0.880642,1.90803E+13,1,NA,460,46006,0,1,0,0.008721,1,0,0.880526,2006,0.086714568
86,-147.584815,65.154263,211,86,Point ZM,7,2434,9/30/2020,2,NA,NA,0.880642,1.90803E+13,1,NA,460,46006,0,1,0,0.008721,1,0,0.880526,2006,0.084859719
87,-147.585007,65.153914,212,87,Point ZM,7,2434,9/30/2020,2,NA,NA,0.880642,1.90803E+13,1,NA,460,46006,0,1,0,0.008721,1,0,0.880526,2006,0.075925803
88,-147.585414,65.1536,213,88,Point ZM,7,2434,9/30/2020,2,NA,NA,0.880642,1.90803E+13,1,NA,460,46006,0,1,0,0.008721,1,0,0.880526,2006,0.090444011
89,-147.585548,65.153247,214,89,Point ZM,7,2434,9/30/2020,2,NA,NA,0.880642,1.90803E+13,1,NA,460,46006,0,1,0,0.008721,1,0,0.880526,2006,0.095583139
90,-147.58563,65.15289,215,90,Point ZM,7,2434,9/30/2020,2,NA,NA,0.880642,1.90803E+13,1,NA,460,46006,0,1,0,0.008721,1,0,0.880526,2006,0.100722267
91,-147.585711,65.152533,216,91,Point ZM,7,2434,9/30/2020,2,NA,NA,0.880642,1.90803E+13,1,NA,460,46006,0,1,0,0.008721,1,0,0.880526,2006,0.105861394
92,-147.585792,65.152175,217,92,Point ZM,7,2434,9/30/2020,2,NA,NA,0.880642,1.90803E+13,1,NA,460,46006,0,1,0,0.008721,1,0,0.880526,2006,0.111000522
93,-147.585793,65.152171,218,93,Point ZM,7,2434,9/30/2020,2,NA,NA,0.880642,1.90803E+13,1,NA,460,46006,0,1,0,0.008721,1,0,0.880526,2006,0.11613965
94,-147.589373,65.138532,351,94,Point ZM,9,3416,9/30/2020,2,NA,NA,0.451067,1.90803E+13,1,NA,460,46006,0,1,0,0.004946,1,0,0.161444,2007,0.121278777
95,-147.589741,65.138855,352,95,Point ZM,9,3416,9/30/2020,2,NA,NA,0.451067,1.90803E+13,1,NA,460,46006,0,1,0,0.004946,1,0,0.161444,2007,0.126417905
96,-147.590066,65.139187,353,96,Point ZM,9,3416,9/30/2020,2,NA,NA,0.451067,1.90803E+13,1,NA,460,46006,0,1,0,0.004946,1,0,0.161444,2007,0.131557033
97,-147.590264,65.139535,354,97,Point ZM,9,3416,9/30/2020,2,NA,NA,0.451067,1.90803E+13,1,NA,460,46006,0,1,0,0.004946,1,0,0.161444,2007,0.13669616
98,-147.590419,65.139886,355,98,Point ZM,9,3416,9/30/2020,2,NA,NA,0.451067,1.90803E+13,1,NA,460,46006,0,1,0,0.004946,1,0,0.161444,2007,0.141835288
99,-147.590432,65.139898,356,99,Point ZM,9,3416,9/30/2020,2,NA,NA,0.451067,1.90803E+13,1,NA,460,46006,0,1,0,0.004946,1,0,0.161444,2007,0.146974416
100,-147.517938,65.145612,67,100,Point ZM,10,3419,9/30/2020,2,NA,NA,0.585928,1.90803E+13,1,NA,460,46006,0,1,0,0.006872,1,0,0.585803,2008,0.152113543
101,-147.517854,65.145969,68,101,Point ZM,10,3419,9/30/2020,2,NA,NA,0.585928,1.90803E+13,1,NA,460,46006,0,1,0,0.006872,1,0,0.585803,2008,0.157252671
102,-147.517779,65.146326,69,102,Point ZM,10,3419,9/30/2020,2,NA,NA,0.585928,1.90803E+13,1,NA,460,46006,0,1,0,0.006872,1,0,0.585803,2008,0.162391799
103,-147.517958,65.146676,70,103,Point ZM,10,3419,9/30/2020,2,NA,NA,0.585928,1.90803E+13,1,NA,460,46006,0,1,0,0.006872,1,0,0.585803,2008,0.167530926
104,-147.518241,65.147013,71,104,Point ZM,10,3419,9/30/2020,2,NA,NA,0.585928,1.90803E+13,1,NA,460,46006,0,1,0,0.006872,1,0,0.585803,2008,0.172670054
105,-147.518466,65.147356,72,105,Point ZM,10,3419,9/30/2020,2,NA,NA,0.585928,1.90803E+13,1,NA,460,46006,0,1,0,0.006872,1,0,0.585803,2008,0.177809182
106,-147.518623,65.147708,73,106,Point ZM,10,3419,9/30/2020,2,NA,NA,0.585928,1.90803E+13,1,NA,460,46006,0,1,0,0.006872,1,0,0.585803,2008,0.161366912
107,-147.518858,65.148052,74,107,Point ZM,10,3419,9/30/2020,2,NA,NA,0.585928,1.90803E+13,1,NA,460,46006,0,1,0,0.006872,1,0,0.585803,2008,0.143999434
108,-147.519161,65.148384,75,108,Point ZM,10,3419,9/30/2020,2,NA,NA,0.585928,1.90803E+13,1,NA,460,46006,0,1,0,0.006872,1,0,0.585803,2008,0.1238875
109,-147.519699,65.148663,76,109,Point ZM,10,3419,9/30/2020,2,NA,NA,0.585928,1.90803E+13,1,NA,460,46006,0,1,0,0.006872,1,0,0.585803,2008,0.112570788
110,-147.520157,65.148963,77,110,Point ZM,10,3419,9/30/2020,2,NA,NA,0.585928,1.90803E+13,1,NA,460,46006,0,1,0,0.006872,1,0,0.585803,2008,0.097019845
111,-147.520618,65.149264,78,111,Point ZM,10,3419,9/30/2020,2,NA,NA,0.585928,1.90803E+13,1,NA,460,46006,0,1,0,0.006872,1,0,0.585803,2008,0.089602831
112,-147.520929,65.149598,79,112,Point ZM,10,3419,9/30/2020,2,NA,NA,0.585928,1.90803E+13,1,NA,460,46006,0,1,0,0.006872,1,0,0.585803,2008,0.082185816
113,-147.521168,65.149942,80,113,Point ZM,10,3419,9/30/2020,2,NA,NA,0.585928,1.90803E+13,1,NA,460,46006,0,1,0,0.006872,1,0,0.585803,2008,0.074768802
114,-147.52178,65.150189,81,114,Point ZM,10,3419,9/30/2020,2,NA,NA,0.585928,1.90803E+13,1,NA,460,46006,0,1,0,0.006872,1,0,0.585803,2008,0.067351787
115,-147.522075,65.15038,82,115,Point ZM,10,3419,9/30/2020,2,NA,NA,0.585928,1.90803E+13,1,NA,460,46006,0,1,0,0.006872,1,0,0.585803,2008,0.059934773
116,-147.522075,65.15038,1,116,Point ZM,11,4011,9/30/2020,2,1399972,Caribou Creek,1.491645,1.90803E+13,1,NA,460,46006,0,1,0,0.028145,1,0,1.148115,2009,0.052517758
117,-147.521451,65.150614,2,117,Point ZM,11,4011,9/30/2020,2,1399972,Caribou Creek,1.491645,1.90803E+13,1,NA,460,46006,0,1,0,0.028145,1,0,1.148115,2009,0.045100744
118,-147.52092,65.150863,3,118,Point ZM,11,4011,9/30/2020,2,1399972,Caribou Creek,1.491645,1.90803E+13,1,NA,460,46006,0,1,0,0.028145,1,0,1.148115,2009,0.037683729
119,-147.520177,65.151032,4,119,Point ZM,11,4011,9/30/2020,2,1399972,Caribou Creek,1.491645,1.90803E+13,1,NA,460,46006,0,1,0,0.028145,1,0,1.148115,2009,0.030266715
120,-147.519421,65.151194,5,120,Point ZM,11,4011,9/30/2020,2,1399972,Caribou Creek,1.491645,1.90803E+13,1,NA,460,46006,0,1,0,0.028145,1,0,1.148115,2009,0.0228497
121,-147.518591,65.15124,6,121,Point ZM,11,4011,9/30/2020,2,1399972,Caribou Creek,1.491645,1.90803E+13,1,NA,460,46006,0,1,0,0.028145,1,0,1.148115,2009,0.015432686
122,-147.517979,65.151468,7,122,Point ZM,11,4011,9/30/2020,2,1399972,Caribou Creek,1.491645,1.90803E+13,1,NA,460,46006,0,1,0,0.028145,1,0,1.148115,2009,0.013012327
123,-147.517981,65.151824,8,123,Point ZM,11,4011,9/30/2020,2,1399972,Caribou Creek,1.491645,1.90803E+13,1,NA,460,46006,0,1,0,0.028145,1,0,1.148115,2009,0.014535209
124,-147.517597,65.15211,9,124,Point ZM,11,4011,9/30/2020,2,1399972,Caribou Creek,1.491645,1.90803E+13,1,NA,460,46006,0,1,0,0.028145,1,0,1.148115,2009,0.017377315
125,-147.516797,65.152208,10,125,Point ZM,11,4011,9/30/2020,2,1399972,Caribou Creek,1.491645,1.90803E+13,1,NA,460,46006,0,1,0,0.028145,1,0,1.148115,2009,0.011779558
126,-147.516137,65.152333,11,126,Point ZM,11,4011,9/30/2020,2,1399972,Caribou Creek,1.491645,1.90803E+13,1,NA,460,46006,0,1,0,0.028145,1,0,1.148115,2009,0.013555364
127,-147.515367,65.152221,12,127,Point ZM,11,4011,9/30/2020,2,1399972,Caribou Creek,1.491645,1.90803E+13,1,NA,460,46006,0,1,0,0.028145,1,0,1.148115,2009,0.011413629
128,-147.514586,65.15232,13,128,Point ZM,11,4011,9/30/2020,2,1399972,Caribou Creek,1.491645,1.90803E+13,1,NA,460,46006,0,1,0,0.028145,1,0,1.148115,2009,0.009180626
129,-147.513887,65.152526,14,129,Point ZM,11,4011,9/30/2020,2,1399972,Caribou Creek,1.491645,1.90803E+13,1,NA,460,46006,0,1,0,0.028145,1,0,1.148115,2009,0.011771886
130,-147.51319,65.15242,15,130,Point ZM,11,4011,9/30/2020,2,1399972,Caribou Creek,1.491645,1.90803E+13,1,NA,460,46006,0,1,0,0.028145,1,0,1.148115,2009,0.015076359
131,-147.512407,65.152562,16,131,Point ZM,11,4011,9/30/2020,2,1399972,Caribou Creek,1.491645,1.90803E+13,1,NA,460,46006,0,1,0,0.028145,1,0,1.148115,2009,0.009999909
132,-147.51159,65.152626,17,132,Point ZM,11,4011,9/30/2020,2,1399972,Caribou Creek,1.491645,1.90803E+13,1,NA,460,46006,0,1,0,0.028145,1,0,1.148115,2009,0.015296908
133,-147.510768,65.152578,18,133,Point ZM,11,4011,9/30/2020,2,1399972,Caribou Creek,1.491645,1.90803E+13,1,NA,460,46006,0,1,0,0.028145,1,0,1.148115,2009,0.008953513
134,-147.509944,65.152603,19,134,Point ZM,11,4011,9/30/2020,2,1399972,Caribou Creek,1.491645,1.90803E+13,1,NA,460,46006,0,1,0,0.028145,1,0,1.148115,2009,0.009185199
135,-147.509113,65.152576,20,135,Point ZM,11,4011,9/30/2020,2,1399972,Caribou Creek,1.491645,1.90803E+13,1,NA,460,46006,0,1,0,0.028145,1,0,1.148115,2009,0.009380932
136,-147.508273,65.152577,21,136,Point ZM,11,4011,9/30/2020,2,1399972,Caribou Creek,1.491645,1.90803E+13,1,NA,460,46006,0,1,0,0.028145,1,0,1.148115,2009,0.007931956
137,-147.507427,65.152625,22,137,Point ZM,11,4011,9/30/2020,2,1399972,Caribou Creek,1.491645,1.90803E+13,1,NA,460,46006,0,1,0,0.028145,1,0,1.148115,2009,0.012878918
138,-147.506698,65.152795,23,138,Point ZM,11,4011,9/30/2020,2,1399972,Caribou Creek,1.491645,1.90803E+13,1,NA,460,46006,0,1,0,0.028145,1,0,1.148115,2009,0.01249274
139,-147.505862,65.152865,24,139,Point ZM,11,4011,9/30/2020,2,1399972,Caribou Creek,1.491645,1.90803E+13,1,NA,460,46006,0,1,0,0.028145,1,0,1.148115,2009,0.015997588
140,-147.505262,65.153081,25,140,Point ZM,11,4011,9/30/2020,2,1399972,Caribou Creek,1.491645,1.90803E+13,1,NA,460,46006,0,1,0,0.028145,1,0,1.148115,2009,0.013892842
141,-147.504582,65.153261,26,141,Point ZM,11,4011,9/30/2020,2,1399972,Caribou Creek,1.491645,1.90803E+13,1,NA,460,46006,0,1,0,0.028145,1,0,1.148115,2009,0.023472956
142,-147.503783,65.153158,27,142,Point ZM,11,4011,9/30/2020,2,1399972,Caribou Creek,1.491645,1.90803E+13,1,NA,460,46006,0,1,0,0.028145,1,0,1.148115,2009,0.03305307
143,-147.503015,65.153178,28,143,Point ZM,11,4011,9/30/2020,2,1399972,Caribou Creek,1.491645,1.90803E+13,1,NA,460,46006,0,1,0,0.028145,1,0,1.148115,2009,0.042633184
144,-147.502226,65.153043,29,144,Point ZM,11,4011,9/30/2020,2,1399972,Caribou Creek,1.491645,1.90803E+13,1,NA,460,46006,0,1,0,0.028145,1,0,1.148115,2009,0.052213298
145,-147.501642,65.153037,30,145,Point ZM,11,4011,9/30/2020,2,1399972,Caribou Creek,1.491645,1.90803E+13,1,NA,460,46006,0,1,0,0.028145,1,0,1.148115,2009,0.061793412
146,-147.609605,65.161074,256,146,Point ZM,13,4368,9/30/2020,2,NA,NA,0.283337,1.90803E+13,1,NA,460,46006,0,1,0,0.004492,1,0,0.150404,2010,0.071373525
147,-147.609282,65.160742,257,147,Point ZM,13,4368,9/30/2020,2,NA,NA,0.283337,1.90803E+13,1,NA,460,46006,0,1,0,0.004492,1,0,0.150404,2010,0.080953639
148,-147.608818,65.160441,258,148,Point ZM,13,4368,9/30/2020,2,NA,NA,0.283337,1.90803E+13,1,NA,460,46006,0,1,0,0.004492,1,0,0.150404,2010,0.090533753
149,-147.608162,65.160212,259,149,Point ZM,13,4368,9/30/2020,2,NA,NA,0.283337,1.90803E+13,1,NA,460,46006,0,1,0,0.004492,1,0,0.150404,2010,0.100113867
150,-147.607663,65.160037,260,150,Point ZM,13,4368,9/30/2020,2,NA,NA,0.283337,1.90803E+13,1,NA,460,46006,0,1,0,0.004492,1,0,0.150404,2010,0.109693981
151,-147.617415,65.170231,219,151,Point ZM,14,4382,9/30/2020,2,NA,NA,0.973429,1.90803E+13,1,NA,460,46006,0,1,0,0.013436,1,0,0.973163,2011,0.119274095
152,-147.617158,65.16989,220,152,Point ZM,14,4382,9/30/2020,2,NA,NA,0.973429,1.90803E+13,1,NA,460,46006,0,1,0,0.013436,1,0,0.973163,2011,0.128854209
153,-147.616847,65.169556,221,153,Point ZM,14,4382,9/30/2020,2,NA,NA,0.973429,1.90803E+13,1,NA,460,46006,0,1,0,0.013436,1,0,0.973163,2011,0.138434322
154,-147.616451,65.169239,222,154,Point ZM,14,4382,9/30/2020,2,NA,NA,0.973429,1.90803E+13,1,NA,460,46006,0,1,0,0.013436,1,0,0.973163,2011,0.148014436
155,-147.615999,65.168935,223,155,Point ZM,14,4382,9/30/2020,2,NA,NA,0.973429,1.90803E+13,1,NA,460,46006,0,1,0,0.013436,1,0,0.973163,2011,0.15759455
156,-147.615545,65.168631,224,156,Point ZM,14,4382,9/30/2020,2,NA,NA,0.973429,1.90803E+13,1,NA,460,46006,0,1,0,0.013436,1,0,0.973163,2011,0.167174664
157,-147.615067,65.168334,225,157,Point ZM,14,4382,9/30/2020,2,NA,NA,0.973429,1.90803E+13,1,NA,460,46006,0,1,0,0.013436,1,0,0.973163,2011,0.156036701
158,-147.614533,65.168055,226,158,Point ZM,14,4382,9/30/2020,2,NA,NA,0.973429,1.90803E+13,1,NA,460,46006,0,1,0,0.013436,1,0,0.973163,2011,0.153985281
159,-147.61408,65.167751,227,159,Point ZM,14,4382,9/30/2020,2,NA,NA,0.973429,1.90803E+13,1,NA,460,46006,0,1,0,0.013436,1,0,0.973163,2011,0.143874584
160,-147.613572,65.167463,228,160,Point ZM,14,4382,9/30/2020,2,NA,NA,0.973429,1.90803E+13,1,NA,460,46006,0,1,0,0.013436,1,0,0.973163,2011,0.131858839
161,-147.613154,65.16715,229,161,Point ZM,14,4382,9/30/2020,2,NA,NA,0.973429,1.90803E+13,1,NA,460,46006,0,1,0,0.013436,1,0,0.973163,2011,0.127814657
162,-147.612663,65.166857,230,162,Point ZM,14,4382,9/30/2020,2,NA,NA,0.973429,1.90803E+13,1,NA,460,46006,0,1,0,0.013436,1,0,0.973163,2011,0.123232641
163,-147.612124,65.166579,231,163,Point ZM,14,4382,9/30/2020,2,NA,NA,0.973429,1.90803E+13,1,NA,460,46006,0,1,0,0.013436,1,0,0.973163,2011,0.114582892
164,-147.611797,65.16625,232,164,Point ZM,14,4382,9/30/2020,2,NA,NA,0.973429,1.90803E+13,1,NA,460,46006,0,1,0,0.013436,1,0,0.973163,2011,0.108358957
165,-147.611482,65.165917,233,165,Point ZM,14,4382,9/30/2020,2,NA,NA,0.973429,1.90803E+13,1,NA,460,46006,0,1,0,0.013436,1,0,0.973163,2011,0.098893818
166,-147.611107,65.165594,234,166,Point ZM,14,4382,9/30/2020,2,NA,NA,0.973429,1.90803E+13,1,NA,460,46006,0,1,0,0.013436,1,0,0.973163,2011,0.102568818
167,-147.610707,65.165277,235,167,Point ZM,14,4382,9/30/2020,2,NA,NA,0.973429,1.90803E+13,1,NA,460,46006,0,1,0,0.013436,1,0,0.973163,2011,0.099544467
168,-147.610307,65.164961,236,168,Point ZM,14,4382,9/30/2020,2,NA,NA,0.973429,1.90803E+13,1,NA,460,46006,0,1,0,0.013436,1,0,0.973163,2011,0.09576384
169,-147.609774,65.164681,237,169,Point ZM,14,4382,9/30/2020,2,NA,NA,0.973429,1.90803E+13,1,NA,460,46006,0,1,0,0.013436,1,0,0.973163,2011,0.096848081
170,-147.609037,65.164527,238,170,Point ZM,14,4382,9/30/2020,2,NA,NA,0.973429,1.90803E+13,1,NA,460,46006,0,1,0,0.013436,1,0,0.973163,2011,0.095683203
171,-147.608196,65.164477,239,171,Point ZM,14,4382,9/30/2020,2,NA,NA,0.973429,1.90803E+13,1,NA,460,46006,0,1,0,0.013436,1,0,0.973163,2011,0.089788087
172,-147.607759,65.164183,240,172,Point ZM,14,4382,9/30/2020,2,NA,NA,0.973429,1.90803E+13,1,NA,460,46006,0,1,0,0.013436,1,0,0.973163,2011,0.09726256
173,-147.607502,65.163841,241,173,Point ZM,14,4382,9/30/2020,2,NA,NA,0.973429,1.90803E+13,1,NA,460,46006,0,1,0,0.013436,1,0,0.973163,2011,0.104737034
174,-147.607048,65.16354,242,174,Point ZM,14,4382,9/30/2020,2,NA,NA,0.973429,1.90803E+13,1,NA,460,46006,0,1,0,0.013436,1,0,0.973163,2011,0.112211508
175,-147.606519,65.163259,243,175,Point ZM,14,4382,9/30/2020,2,NA,NA,0.973429,1.90803E+13,1,NA,460,46006,0,1,0,0.013436,1,0,0.973163,2011,0.119685981
176,-147.606374,65.163158,244,176,Point ZM,14,4382,9/30/2020,2,NA,NA,0.973429,1.90803E+13,1,NA,460,46006,0,1,0,0.013436,1,0,0.973163,2011,0.127160455
177,-147.622362,65.137399,40,177,Point ZM,16,4873,9/30/2020,2,NA,NA,1.428247,1.90803E+13,1,NA,460,46006,0,1,0,0.029983,1,0,1.035171,2012,0.134634929
178,-147.621557,65.137503,41,178,Point ZM,16,4873,9/30/2020,2,NA,NA,1.428247,1.90803E+13,1,NA,460,46006,0,1,0,0.029983,1,0,1.035171,2012,0.142109403
179,-147.620731,65.137592,42,179,Point ZM,16,4873,9/30/2020,2,NA,NA,1.428247,1.90803E+13,1,NA,460,46006,0,1,0,0.029983,1,0,1.035171,2012,0.149583876
180,-147.619905,65.137681,43,180,Point ZM,16,4873,9/30/2020,2,NA,NA,1.428247,1.90803E+13,1,NA,460,46006,0,1,0,0.029983,1,0,1.035171,2012,0.15705835
181,-147.619064,65.137734,44,181,Point ZM,16,4873,9/30/2020,2,NA,NA,1.428247,1.90803E+13,1,NA,460,46006,0,1,0,0.029983,1,0,1.035171,2012,0.164532824
182,-147.618213,65.137736,45,182,Point ZM,16,4873,9/30/2020,2,NA,NA,1.428247,1.90803E+13,1,NA,460,46006,0,1,0,0.029983,1,0,1.035171,2012,0.172007297
183,-147.617363,65.137763,46,183,Point ZM,16,4873,9/30/2020,2,NA,NA,1.428247,1.90803E+13,1,NA,460,46006,0,1,0,0.029983,1,0,1.035171,2012,0.165863685
184,-147.616512,65.137781,47,184,Point ZM,16,4873,9/30/2020,2,NA,NA,1.428247,1.90803E+13,1,NA,460,46006,0,1,0,0.029983,1,0,1.035171,2012,0.160280178
185,-147.615662,65.1378,48,185,Point ZM,16,4873,9/30/2020,2,NA,NA,1.428247,1.90803E+13,1,NA,460,46006,0,1,0,0.029983,1,0,1.035171,2012,0.155970849
186,-147.614818,65.137851,49,186,Point ZM,16,4873,9/30/2020,2,NA,NA,1.428247,1.90803E+13,1,NA,460,46006,0,1,0,0.029983,1,0,1.035171,2012,0.151069121
187,-147.613974,65.137883,50,187,Point ZM,16,4873,9/30/2020,2,NA,NA,1.428247,1.90803E+13,1,NA,460,46006,0,1,0,0.029983,1,0,1.035171,2012,0.151659446
188,-147.613131,65.13793,51,188,Point ZM,16,4873,9/30/2020,2,NA,NA,1.428247,1.90803E+13,1,NA,460,46006,0,1,0,0.029983,1,0,1.035171,2012,0.143449312
189,-147.6123,65.138006,52,189,Point ZM,16,4873,9/30/2020,2,NA,NA,1.428247,1.90803E+13,1,NA,460,46006,0,1,0,0.029983,1,0,1.035171,2012,0.139807963
190,-147.611472,65.138093,53,190,Point ZM,16,4873,9/30/2020,2,NA,NA,1.428247,1.90803E+13,1,NA,460,46006,0,1,0,0.029983,1,0,1.035171,2012,0.130076392
191,-147.610662,65.138203,54,191,Point ZM,16,4873,9/30/2020,2,NA,NA,1.428247,1.90803E+13,1,NA,460,46006,0,1,0,0.029983,1,0,1.035171,2012,0.124383147
192,-147.60982,65.13826,55,192,Point ZM,16,4873,9/30/2020,2,NA,NA,1.428247,1.90803E+13,1,NA,460,46006,0,1,0,0.029983,1,0,1.035171,2012,0.118361989
193,-147.608976,65.138307,56,193,Point ZM,16,4873,9/30/2020,2,NA,NA,1.428247,1.90803E+13,1,NA,460,46006,0,1,0,0.029983,1,0,1.035171,2012,0.109922084
194,-147.608139,65.138376,57,194,Point ZM,16,4873,9/30/2020,2,NA,NA,1.428247,1.90803E+13,1,NA,460,46006,0,1,0,0.029983,1,0,1.035171,2012,0.108271282
195,-147.60729,65.138404,58,195,Point ZM,16,4873,9/30/2020,2,NA,NA,1.428247,1.90803E+13,1,NA,460,46006,0,1,0,0.029983,1,0,1.035171,2012,0.1024069
196,-147.606446,65.138451,59,196,Point ZM,16,4873,9/30/2020,2,NA,NA,1.428247,1.90803E+13,1,NA,460,46006,0,1,0,0.029983,1,0,1.035171,2012,0.102733444
197,-147.605607,65.138512,60,197,Point ZM,16,4873,9/30/2020,2,NA,NA,1.428247,1.90803E+13,1,NA,460,46006,0,1,0,0.029983,1,0,1.035171,2012,0.096789382
198,-147.604766,65.138567,61,198,Point ZM,16,4873,9/30/2020,2,NA,NA,1.428247,1.90803E+13,1,NA,460,46006,0,1,0,0.029983,1,0,1.035171,2012,0.094791914
199,-147.603928,65.13863,62,199,Point ZM,16,4873,9/30/2020,2,NA,NA,1.428247,1.90803E+13,1,NA,460,46006,0,1,0,0.029983,1,0,1.035171,2012,0.099127411
200,-147.603096,65.138706,63,200,Point ZM,16,4873,9/30/2020,2,NA,NA,1.428247,1.90803E+13,1,NA,460,46006,0,1,0,0.029983,1,0,1.035171,2012,0.103462907
201,-147.602255,65.138765,64,201,Point ZM,16,4873,9/30/2020,2,NA,NA,1.428247,1.90803E+13,1,NA,460,46006,0,1,0,0.029983,1,0,1.035171,2012,0.107798404
202,-147.601424,65.138841,65,202,Point ZM,16,4873,9/30/2020,2,NA,NA,1.428247,1.90803E+13,1,NA,460,46006,0,1,0,0.029983,1,0,1.035171,2012,0.1121339
203,-147.600688,65.138897,66,203,Point ZM,16,4873,9/30/2020,2,NA,NA,1.428247,1.90803E+13,1,NA,460,46006,0,1,0,0.029983,1,0,1.035171,2012,0.116469396
204,-147.540218,65.15987,163,204,Point ZM,18,6270,9/30/2020,2,NA,NA,1.236313,1.90803E+13,1,NA,460,46006,0,1,0,0.013664,1,0,1.236092,2015,0.120804893
205,-147.539928,65.159536,164,205,Point ZM,18,6270,9/30/2020,2,NA,NA,1.236313,1.90803E+13,1,NA,460,46006,0,1,0,0.013664,1,0,1.236092,2015,0.125140389
206,-147.539547,65.159215,165,206,Point ZM,18,6270,9/30/2020,2,NA,NA,1.236313,1.90803E+13,1,NA,460,46006,0,1,0,0.013664,1,0,1.236092,2015,0.129475886
207,-147.539154,65.158897,166,207,Point ZM,18,6270,9/30/2020,2,NA,NA,1.236313,1.90803E+13,1,NA,460,46006,0,1,0,0.013664,1,0,1.236092,2015,0.133811382
208,-147.538727,65.158586,167,208,Point ZM,18,6270,9/30/2020,2,NA,NA,1.236313,1.90803E+13,1,NA,460,46006,0,1,0,0.013664,1,0,1.236092,2015,0.138146879
209,-147.538345,65.158265,168,209,Point ZM,18,6270,9/30/2020,2,NA,NA,1.236313,1.90803E+13,1,NA,460,46006,0,1,0,0.013664,1,0,1.236092,2015,0.142482375
210,-147.537945,65.157948,169,210,Point ZM,18,6270,9/30/2020,2,NA,NA,1.236313,1.90803E+13,1,NA,460,46006,0,1,0,0.013664,1,0,1.236092,2015,0.131513176
211,-147.53754,65.157632,170,211,Point ZM,18,6270,9/30/2020,2,NA,NA,1.236313,1.90803E+13,1,NA,460,46006,0,1,0,0.013664,1,0,1.236092,2015,0.125087302
212,-147.537148,65.157314,171,212,Point ZM,18,6270,9/30/2020,2,NA,NA,1.236313,1.90803E+13,1,NA,460,46006,0,1,0,0.013664,1,0,1.236092,2015,0.122846378
213,-147.536885,65.156973,172,213,Point ZM,18,6270,9/30/2020,2,NA,NA,1.236313,1.90803E+13,1,NA,460,46006,0,1,0,0.013664,1,0,1.236092,2015,0.11778514
214,-147.536582,65.156638,173,214,Point ZM,18,6270,9/30/2020,2,NA,NA,1.236313,1.90803E+13,1,NA,460,46006,0,1,0,0.013664,1,0,1.236092,2015,0.112232849
215,-147.536277,65.156302,174,215,Point ZM,18,6270,9/30/2020,2,NA,NA,1.236313,1.90803E+13,1,NA,460,46006,0,1,0,0.013664,1,0,1.236092,2015,0.106087123
216,-147.535962,65.155969,175,216,Point ZM,18,6270,9/30/2020,2,NA,NA,1.236313,1.90803E+13,1,NA,460,46006,0,1,0,0.013664,1,0,1.236092,2015,0.09921229
217,-147.53559,65.155646,176,217,Point ZM,18,6270,9/30/2020,2,NA,NA,1.236313,1.90803E+13,1,NA,460,46006,0,1,0,0.013664,1,0,1.236092,2015,0.093928372
218,-147.53529,65.155312,177,218,Point ZM,18,6270,9/30/2020,2,NA,NA,1.236313,1.90803E+13,1,NA,460,46006,0,1,0,0.013664,1,0,1.236092,2015,0.086580931
219,-147.535124,65.15496,178,219,Point ZM,18,6270,9/30/2020,2,NA,NA,1.236313,1.90803E+13,1,NA,460,46006,0,1,0,0.013664,1,0,1.236092,2015,0.08422054
220,-147.53498,65.154606,179,220,Point ZM,18,6270,9/30/2020,2,NA,NA,1.236313,1.90803E+13,1,NA,460,46006,0,1,0,0.013664,1,0,1.236092,2015,0.086316645
221,-147.534829,65.154253,180,221,Point ZM,18,6270,9/30/2020,2,NA,NA,1.236313,1.90803E+13,1,NA,460,46006,0,1,0,0.013664,1,0,1.236092,2015,0.087227912
222,-147.534779,65.153895,181,222,Point ZM,18,6270,9/30/2020,2,NA,NA,1.236313,1.90803E+13,1,NA,460,46006,0,1,0,0.013664,1,0,1.236092,2015,0.091477903
223,-147.534833,65.153537,182,223,Point ZM,18,6270,9/30/2020,2,NA,NA,1.236313,1.90803E+13,1,NA,460,46006,0,1,0,0.013664,1,0,1.236092,2015,0.096116314
224,-147.5349,65.15318,183,224,Point ZM,18,6270,9/30/2020,2,NA,NA,1.236313,1.90803E+13,1,NA,460,46006,0,1,0,0.013664,1,0,1.236092,2015,0.100242739
225,-147.534833,65.152822,184,225,Point ZM,18,6270,9/30/2020,2,NA,NA,1.236313,1.90803E+13,1,NA,460,46006,0,1,0,0.013664,1,0,1.236092,2015,0.103832163
226,-147.534662,65.152471,185,226,Point ZM,18,6270,9/30/2020,2,NA,NA,1.236313,1.90803E+13,1,NA,460,46006,0,1,0,0.013664,1,0,1.236092,2015,0.100866536
227,-147.534621,65.152114,186,227,Point ZM,18,6270,9/30/2020,2,NA,NA,1.236313,1.90803E+13,1,NA,460,46006,0,1,0,0.013664,1,0,1.236092,2015,0.100022852
228,-147.534605,65.151755,187,228,Point ZM,18,6270,9/30/2020,2,NA,NA,1.236313,1.90803E+13,1,NA,460,46006,0,1,0,0.013664,1,0,1.236092,2015,0.094918375
229,-147.534686,65.151398,188,229,Point ZM,18,6270,9/30/2020,2,NA,NA,1.236313,1.90803E+13,1,NA,460,46006,0,1,0,0.013664,1,0,1.236092,2015,0.088598482
230,-147.53477,65.151041,189,230,Point ZM,18,6270,9/30/2020,2,NA,NA,1.236313,1.90803E+13,1,NA,460,46006,0,1,0,0.013664,1,0,1.236092,2015,0.076265048
231,-147.534857,65.150684,190,231,Point ZM,18,6270,9/30/2020,2,NA,NA,1.236313,1.90803E+13,1,NA,460,46006,0,1,0,0.013664,1,0,1.236092,2015,0.077726043
232,-147.534878,65.150327,191,232,Point ZM,18,6270,9/30/2020,2,NA,NA,1.236313,1.90803E+13,1,NA,460,46006,0,1,0,0.013664,1,0,1.236092,2015,0.079187038
233,-147.534265,65.150094,192,233,Point ZM,18,6270,9/30/2020,2,NA,NA,1.236313,1.90803E+13,1,NA,460,46006,0,1,0,0.013664,1,0,1.236092,2015,0.080648033
234,-147.533777,65.149833,193,234,Point ZM,18,6270,9/30/2020,2,NA,NA,1.236313,1.90803E+13,1,NA,460,46006,0,1,0,0.013664,1,0,1.236092,2015,0.082109028
235,-147.534083,65.149538,194,235,Point ZM,18,6270,9/30/2020,2,NA,NA,1.236313,1.90803E+13,1,NA,460,46006,0,1,0,0.013664,1,0,1.236092,2015,0.083570022
236,-147.602514,65.162714,245,236,Point ZM,19,6272,9/30/2020,2,NA,NA,0.844269,1.90803E+13,1,NA,460,46006,0,1,0,0.014798,1,0,0.369452,2016,0.085031017
237,-147.603361,65.162678,246,237,Point ZM,19,6272,9/30/2020,2,NA,NA,0.844269,1.90803E+13,1,NA,460,46006,0,1,0,0.014798,1,0,0.369452,2016,0.086492012
238,-147.604191,65.162604,247,238,Point ZM,19,6272,9/30/2020,2,NA,NA,0.844269,1.90803E+13,1,NA,460,46006,0,1,0,0.014798,1,0,0.369452,2016,0.087953007
239,-147.604897,65.162406,248,239,Point ZM,19,6272,9/30/2020,2,NA,NA,0.844269,1.90803E+13,1,NA,460,46006,0,1,0,0.014798,1,0,0.369452,2016,0.089414002
240,-147.605555,65.162178,249,240,Point ZM,19,6272,9/30/2020,2,NA,NA,0.844269,1.90803E+13,1,NA,460,46006,0,1,0,0.014798,1,0,0.369452,2016,0.090874996
241,-147.606215,65.16195,250,241,Point ZM,19,6272,9/30/2020,2,NA,NA,0.844269,1.90803E+13,1,NA,460,46006,0,1,0,0.014798,1,0,0.369452,2016,0.092335991
242,-147.606856,65.161714,251,242,Point ZM,19,6272,9/30/2020,2,NA,NA,0.844269,1.90803E+13,1,NA,460,46006,0,1,0,0.014798,1,0,0.369452,2016,0.085912129
243,-147.607026,65.161367,252,243,Point ZM,19,6272,9/30/2020,2,NA,NA,0.844269,1.90803E+13,1,NA,460,46006,0,1,0,0.014798,1,0,0.369452,2016,0.079488267
244,-147.607105,65.16101,253,244,Point ZM,19,6272,9/30/2020,2,NA,NA,0.844269,1.90803E+13,1,NA,460,46006,0,1,0,0.014798,1,0,0.369452,2016,0.073064404
245,-147.607227,65.160656,254,245,Point ZM,19,6272,9/30/2020,2,NA,NA,0.844269,1.90803E+13,1,NA,460,46006,0,1,0,0.014798,1,0,0.369452,2016,0.066640542
246,-147.607322,65.160583,255,246,Point ZM,19,6272,9/30/2020,2,NA,NA,0.844269,1.90803E+13,1,NA,460,46006,0,1,0,0.014798,1,0,0.369452,2016,0.06021668
247,-147.585793,65.152171,376,247,Point ZM,21,6804,9/30/2020,2,1399972,Caribou Creek,1.050231,1.90803E+13,1,NA,460,46006,0,1,0,0.019918,1,0,1.049671,2017,0.053792817
248,-147.585008,65.15203,377,248,Point ZM,21,6804,9/30/2020,2,1399972,Caribou Creek,1.050231,1.90803E+13,1,NA,460,46006,0,1,0,0.019918,1,0,1.049671,2017,0.047368955
249,-147.584233,65.151881,378,249,Point ZM,21,6804,9/30/2020,2,1399972,Caribou Creek,1.050231,1.90803E+13,1,NA,460,46006,0,1,0,0.019918,1,0,1.049671,2017,0.040945093
250,-147.583428,65.151764,379,250,Point ZM,21,6804,9/30/2020,2,1399972,Caribou Creek,1.050231,1.90803E+13,1,NA,460,46006,0,1,0,0.019918,1,0,1.049671,2017,0.03452123
251,-147.582606,65.151668,380,251,Point ZM,21,6804,9/30/2020,2,1399972,Caribou Creek,1.050231,1.90803E+13,1,NA,460,46006,0,1,0,0.019918,1,0,1.049671,2017,0.028097368
252,-147.58179,65.151565,381,252,Point ZM,21,6804,9/30/2020,2,1399972,Caribou Creek,1.050231,1.90803E+13,1,NA,460,46006,0,1,0,0.019918,1,0,1.049671,2017,0.021673506
253,-147.580997,65.151433,382,253,Point ZM,21,6804,9/30/2020,2,1399972,Caribou Creek,1.050231,1.90803E+13,1,NA,460,46006,0,1,0,0.019918,1,0,1.049671,2017,0.0211137
254,-147.580209,65.151295,383,254,Point ZM,21,6804,9/30/2020,2,1399972,Caribou Creek,1.050231,1.90803E+13,1,NA,460,46006,0,1,0,0.019918,1,0,1.049671,2017,0.021038419
255,-147.579421,65.151158,384,255,Point ZM,21,6804,9/30/2020,2,1399972,Caribou Creek,1.050231,1.90803E+13,1,NA,460,46006,0,1,0,0.019918,1,0,1.049671,2017,0.022037779
256,-147.578665,65.150992,385,256,Point ZM,21,6804,9/30/2020,2,1399972,Caribou Creek,1.050231,1.90803E+13,1,NA,460,46006,0,1,0,0.019918,1,0,1.049671,2017,0.022382006
257,-147.578034,65.150754,386,257,Point ZM,21,6804,9/30/2020,2,1399972,Caribou Creek,1.050231,1.90803E+13,1,NA,460,46006,0,1,0,0.019918,1,0,1.049671,2017,0.021324691
258,-147.577542,65.150461,387,258,Point ZM,21,6804,9/30/2020,2,1399972,Caribou Creek,1.050231,1.90803E+13,1,NA,460,46006,0,1,0,0.019918,1,0,1.049671,2017,0.021618988
259,-147.576987,65.150189,388,259,Point ZM,21,6804,9/30/2020,2,1399972,Caribou Creek,1.050231,1.90803E+13,1,NA,460,46006,0,1,0,0.019918,1,0,1.049671,2017,0.021496561
260,-147.576396,65.14993,389,260,Point ZM,21,6804,9/30/2020,2,1399972,Caribou Creek,1.050231,1.90803E+13,1,NA,460,46006,0,1,0,0.019918,1,0,1.049671,2017,0.021809448
261,-147.575684,65.149737,390,261,Point ZM,21,6804,9/30/2020,2,1399972,Caribou Creek,1.050231,1.90803E+13,1,NA,460,46006,0,1,0,0.019918,1,0,1.049671,2017,0.022053061
262,-147.574957,65.149568,391,262,Point ZM,21,6804,9/30/2020,2,1399972,Caribou Creek,1.050231,1.90803E+13,1,NA,460,46006,0,1,0,0.019918,1,0,1.049671,2017,0.021001764
263,-147.574113,65.149526,392,263,Point ZM,21,6804,9/30/2020,2,1399972,Caribou Creek,1.050231,1.90803E+13,1,NA,460,46006,0,1,0,0.019918,1,0,1.049671,2017,0.017457418
264,-147.573422,65.149321,393,264,Point ZM,21,6804,9/30/2020,2,1399972,Caribou Creek,1.050231,1.90803E+13,1,NA,460,46006,0,1,0,0.019918,1,0,1.049671,2017,0.022733764
265,-147.572612,65.149211,394,265,Point ZM,21,6804,9/30/2020,2,1399972,Caribou Creek,1.050231,1.90803E+13,1,NA,460,46006,0,1,0,0.019918,1,0,1.049671,2017,0.016824719
266,-147.571773,65.149148,395,266,Point ZM,21,6804,9/30/2020,2,1399972,Caribou Creek,1.050231,1.90803E+13,1,NA,460,46006,0,1,0,0.019918,1,0,1.049671,2017,0.017805595
267,-147.570923,65.149174,396,267,Point ZM,21,6804,9/30/2020,2,1399972,Caribou Creek,1.050231,1.90803E+13,1,NA,460,46006,0,1,0,0.019918,1,0,1.049671,2017,0.017342232
268,-147.570089,65.149235,397,268,Point ZM,21,6804,9/30/2020,2,1399972,Caribou Creek,1.050231,1.90803E+13,1,NA,460,46006,0,1,0,0.019918,1,0,1.049671,2017,0.019012415
269,-147.569465,65.149478,398,269,Point ZM,21,6804,9/30/2020,2,1399972,Caribou Creek,1.050231,1.90803E+13,1,NA,460,46006,0,1,0,0.019918,1,0,1.049671,2017,0.027089191
270,-147.568796,65.149698,399,270,Point ZM,21,6804,9/30/2020,2,1399972,Caribou Creek,1.050231,1.90803E+13,1,NA,460,46006,0,1,0,0.019918,1,0,1.049671,2017,0.025811651
271,-147.567994,65.149667,400,271,Point ZM,21,6804,9/30/2020,2,1399972,Caribou Creek,1.050231,1.90803E+13,1,NA,460,46006,0,1,0,0.019918,1,0,1.049671,2017,0.024534112
272,-147.567247,65.149494,401,272,Point ZM,21,6804,9/30/2020,2,1399972,Caribou Creek,1.050231,1.90803E+13,1,NA,460,46006,0,1,0,0.019918,1,0,1.049671,2017,0.023256572
273,-147.566626,65.149258,402,273,Point ZM,21,6804,9/30/2020,2,1399972,Caribou Creek,1.050231,1.90803E+13,1,NA,460,46006,0,1,0,0.019918,1,0,1.049671,2017,0.021979033
274,-147.566498,65.14919,403,274,Point ZM,21,6804,9/30/2020,2,1399972,Caribou Creek,1.050231,1.90803E+13,1,NA,460,46006,0,1,0,0.019918,1,0,1.049671,2017,0.020701493
275,-147.542293,65.149994,83,275,Point ZM,22,6808,9/30/2020,2,1399972,Caribou Creek,0.445675,1.90803E+13,1,NA,460,46006,0,1,0,0.008487,1,0,0.445434,2018,0.019423954
276,-147.541467,65.149914,84,276,Point ZM,22,6808,9/30/2020,2,1399972,Caribou Creek,0.445675,1.90803E+13,1,NA,460,46006,0,1,0,0.008487,1,0,0.445434,2018,0.018146415
277,-147.540645,65.14989,85,277,Point ZM,22,6808,9/30/2020,2,1399972,Caribou Creek,0.445675,1.90803E+13,1,NA,460,46006,0,1,0,0.008487,1,0,0.445434,2018,0.016868875
278,-147.539815,65.14994,86,278,Point ZM,22,6808,9/30/2020,2,1399972,Caribou Creek,0.445675,1.90803E+13,1,NA,460,46006,0,1,0,0.008487,1,0,0.445434,2018,0.015591336
279,-147.539043,65.149806,87,279,Point ZM,22,6808,9/30/2020,2,1399972,Caribou Creek,0.445675,1.90803E+13,1,NA,460,46006,0,1,0,0.008487,1,0,0.445434,2018,0.014313796
280,-147.538289,65.149641,88,280,Point ZM,22,6808,9/30/2020,2,1399972,Caribou Creek,0.445675,1.90803E+13,1,NA,460,46006,0,1,0,0.008487,1,0,0.445434,2018,0.013036257
281,-147.537644,65.149406,89,281,Point ZM,22,6808,9/30/2020,2,1399972,Caribou Creek,0.445675,1.90803E+13,1,NA,460,46006,0,1,0,0.008487,1,0,0.445434,2018,0.012860399
282,-147.536879,65.149306,90,282,Point ZM,22,6808,9/30/2020,2,1399972,Caribou Creek,0.445675,1.90803E+13,1,NA,460,46006,0,1,0,0.008487,1,0,0.445434,2018,0.000429214
283,-147.536213,65.149523,91,283,Point ZM,22,6808,9/30/2020,2,1399972,Caribou Creek,0.445675,1.90803E+13,1,NA,460,46006,0,1,0,0.008487,1,0,0.445434,2018,0.012931546
284,-147.535613,65.149693,92,284,Point ZM,22,6808,9/30/2020,2,1399972,Caribou Creek,0.445675,1.90803E+13,1,NA,460,46006,0,1,0,0.008487,1,0,0.445434,2018,0.025433878
285,-147.534945,65.149723,93,285,Point ZM,22,6808,9/30/2020,2,1399972,Caribou Creek,0.445675,1.90803E+13,1,NA,460,46006,0,1,0,0.008487,1,0,0.445434,2018,0.037936211
286,-147.534181,65.149564,94,286,Point ZM,22,6808,9/30/2020,2,1399972,Caribou Creek,0.445675,1.90803E+13,1,NA,460,46006,0,1,0,0.008487,1,0,0.445434,2018,0.050438543
287,-147.534083,65.149538,95,287,Point ZM,22,6808,9/30/2020,2,1399972,Caribou Creek,0.445675,1.90803E+13,1,NA,460,46006,0,1,0,0.008487,1,0,0.445434,2018,0.062940875
288,-147.606374,65.163158,272,288,Point ZM,23,6817,9/30/2020,2,NA,NA,0.293873,1.90803E+13,1,NA,460,46006,0,1,0,0.002883,1,0,0.293838,2019,0.075443207
289,-147.606721,65.162831,273,289,Point ZM,23,6817,9/30/2020,2,NA,NA,0.293873,1.90803E+13,1,NA,460,46006,0,1,0,0.002883,1,0,0.293838,2019,0.08794554
290,-147.606889,65.162484,274,290,Point ZM,23,6817,9/30/2020,2,NA,NA,0.293873,1.90803E+13,1,NA,460,46006,0,1,0,0.002883,1,0,0.293838,2019,0.100447872
291,-147.606894,65.162131,275,291,Point ZM,23,6817,9/30/2020,2,NA,NA,0.293873,1.90803E+13,1,NA,460,46006,0,1,0,0.002883,1,0,0.293838,2019,0.112950204
292,-147.607037,65.161778,276,292,Point ZM,23,6817,9/30/2020,2,NA,NA,0.293873,1.90803E+13,1,NA,460,46006,0,1,0,0.002883,1,0,0.293838,2019,0.125452537
293,-147.607118,65.16142,277,293,Point ZM,23,6817,9/30/2020,2,NA,NA,0.293873,1.90803E+13,1,NA,460,46006,0,1,0,0.002883,1,0,0.293838,2019,0.137954869
294,-147.6072,65.161063,278,294,Point ZM,23,6817,9/30/2020,2,NA,NA,0.293873,1.90803E+13,1,NA,460,46006,0,1,0,0.002883,1,0,0.293838,2019,0.150457201
295,-147.607285,65.160706,279,295,Point ZM,23,6817,9/30/2020,2,NA,NA,0.293873,1.90803E+13,1,NA,460,46006,0,1,0,0.002883,1,0,0.293838,2019,0.162959534
296,-147.607322,65.160583,280,296,Point ZM,23,6817,9/30/2020,2,NA,NA,0.293873,1.90803E+13,1,NA,460,46006,0,1,0,0.002883,1,0,0.293838,2019,0.175461866
297,-147.597736,65.133739,357,297,Point ZM,24,7243,9/30/2020,2,NA,NA,0.709052,1.90803E+13,1,NA,460,46006,0,1,0,0.008339,1,0,0.708888,2020,0.187964198
298,-147.597467,65.134079,358,298,Point ZM,24,7243,9/30/2020,2,NA,NA,0.709052,1.90803E+13,1,NA,460,46006,0,1,0,0.008339,1,0,0.708888,2020,0.20046653
299,-147.596992,65.134369,359,299,Point ZM,24,7243,9/30/2020,2,NA,NA,0.709052,1.90803E+13,1,NA,460,46006,0,1,0,0.008339,1,0,0.708888,2020,0.212968863
300,-147.596323,65.134591,360,300,Point ZM,24,7243,9/30/2020,2,NA,NA,0.709052,1.90803E+13,1,NA,460,46006,0,1,0,0.008339,1,0,0.708888,2020,0.225471195
301,-147.59555,65.13474,361,301,Point ZM,24,7243,9/30/2020,2,NA,NA,0.709052,1.90803E+13,1,NA,460,46006,0,1,0,0.008339,1,0,0.708888,2020,0.237973527
302,-147.594999,65.135003,362,302,Point ZM,24,7243,9/30/2020,2,NA,NA,0.709052,1.90803E+13,1,NA,460,46006,0,1,0,0.008339,1,0,0.708888,2020,0.25047586
303,-147.594796,65.135349,363,303,Point ZM,24,7243,9/30/2020,2,NA,NA,0.709052,1.90803E+13,1,NA,460,46006,0,1,0,0.008339,1,0,0.708888,2020,0.255197656
304,-147.594686,65.135705,364,304,Point ZM,24,7243,9/30/2020,2,NA,NA,0.709052,1.90803E+13,1,NA,460,46006,0,1,0,0.008339,1,0,0.708888,2020,0.248826716
305,-147.594529,65.136056,365,305,Point ZM,24,7243,9/30/2020,2,NA,NA,0.709052,1.90803E+13,1,NA,460,46006,0,1,0,0.008339,1,0,0.708888,2020,0.23059191
306,-147.5944,65.13641,366,306,Point ZM,24,7243,9/30/2020,2,NA,NA,0.709052,1.90803E+13,1,NA,460,46006,0,1,0,0.008339,1,0,0.708888,2020,0.217665958
307,-147.594212,65.13676,367,307,Point ZM,24,7243,9/30/2020,2,NA,NA,0.709052,1.90803E+13,1,NA,460,46006,0,1,0,0.008339,1,0,0.708888,2020,0.185223918
308,-147.594071,65.137113,368,308,Point ZM,24,7243,9/30/2020,2,NA,NA,0.709052,1.90803E+13,1,NA,460,46006,0,1,0,0.008339,1,0,0.708888,2020,0.17862107
309,-147.59399,65.13747,369,309,Point ZM,24,7243,9/30/2020,2,NA,NA,0.709052,1.90803E+13,1,NA,460,46006,0,1,0,0.008339,1,0,0.708888,2020,0.168884511
310,-147.593862,65.137824,370,310,Point ZM,24,7243,9/30/2020,2,NA,NA,0.709052,1.90803E+13,1,NA,460,46006,0,1,0,0.008339,1,0,0.708888,2020,0.160808677
311,-147.593616,65.138168,371,311,Point ZM,24,7243,9/30/2020,2,NA,NA,0.709052,1.90803E+13,1,NA,460,46006,0,1,0,0.008339,1,0,0.708888,2020,0.15357039
312,-147.593365,65.138511,372,312,Point ZM,24,7243,9/30/2020,2,NA,NA,0.709052,1.90803E+13,1,NA,460,46006,0,1,0,0.008339,1,0,0.708888,2020,0.146332104
313,-147.593136,65.138856,373,313,Point ZM,24,7243,9/30/2020,2,NA,NA,0.709052,1.90803E+13,1,NA,460,46006,0,1,0,0.008339,1,0,0.708888,2020,0.139093818
314,-147.592832,65.139187,374,314,Point ZM,24,7243,9/30/2020,2,NA,NA,0.709052,1.90803E+13,1,NA,460,46006,0,1,0,0.008339,1,0,0.708888,2020,0.131855532
315,-147.592477,65.139398,375,315,Point ZM,24,7243,9/30/2020,2,NA,NA,0.709052,1.90803E+13,1,NA,460,46006,0,1,0,0.008339,1,0,0.708888,2020,0.124617246
316,-147.600774,65.136301,31,316,Point ZM,25,7250,9/30/2020,2,NA,NA,0.268704,1.90803E+13,1,NA,460,46006,0,1,0,0.002908,1,0,0.295552,2001,0.11737896
317,-147.600603,65.136653,32,317,Point ZM,25,7250,9/30/2020,2,NA,NA,0.268704,1.90803E+13,1,NA,460,46006,0,1,0,0.002908,1,0,0.295552,2001,0.110140674
318,-147.60046,65.137007,33,318,Point ZM,25,7250,9/30/2020,2,NA,NA,0.268704,1.90803E+13,1,NA,460,46006,0,1,0,0.002908,1,0,0.295552,2001,0.102902388
319,-147.600383,65.137362,34,319,Point ZM,25,7250,9/30/2020,2,NA,NA,0.268704,1.90803E+13,1,NA,460,46006,0,1,0,0.002908,1,0,0.295552,2001,0.095664102
320,-147.600563,65.137713,35,320,Point ZM,25,7250,9/30/2020,2,NA,NA,0.268704,1.90803E+13,1,NA,460,46006,0,1,0,0.002908,1,0,0.295552,2001,0.088425816
321,-147.600531,65.138067,36,321,Point ZM,25,7250,9/30/2020,2,NA,NA,0.268704,1.90803E+13,1,NA,460,46006,0,1,0,0.002908,1,0,0.295552,2001,0.081187529
322,-147.600411,65.138422,37,322,Point ZM,25,7250,9/30/2020,2,NA,NA,0.268704,1.90803E+13,1,NA,460,46006,0,1,0,0.002908,1,0,0.295552,2001,0.073949243
323,-147.600441,65.13877,38,323,Point ZM,25,7250,9/30/2020,2,NA,NA,0.268704,1.90803E+13,1,NA,460,46006,0,1,0,0.002908,1,0,0.295552,2001,0.066710957
324,-147.600562,65.1389,39,324,Point ZM,25,7250,9/30/2020,2,NA,NA,0.268704,1.90803E+13,1,NA,460,46006,0,1,0,0.002908,1,0,0.295552,2001,0.059472671
325,-147.566498,65.14919,96,325,Point ZM,27,7833,9/30/2020,2,1399972,Caribou Creek,0.605141,1.90803E+13,1,NA,460,46006,0,1,0,0.011286,1,0,1.459822,2021,0.052234385
326,-147.565645,65.149186,97,326,Point ZM,27,7833,9/30/2020,2,1399972,Caribou Creek,0.605141,1.90803E+13,1,NA,460,46006,0,1,0,0.011286,1,0,1.459822,2021,0.044996099
327,-147.564792,65.149182,98,327,Point ZM,27,7833,9/30/2020,2,1399972,Caribou Creek,0.605141,1.90803E+13,1,NA,460,46006,0,1,0,0.011286,1,0,1.459822,2021,0.037757813
328,-147.564245,65.148981,99,328,Point ZM,27,7833,9/30/2020,2,1399972,Caribou Creek,0.605141,1.90803E+13,1,NA,460,46006,0,1,0,0.011286,1,0,1.459822,2021,0.030519527
329,-147.56359,65.148763,100,329,Point ZM,27,7833,9/30/2020,2,1399972,Caribou Creek,0.605141,1.90803E+13,1,NA,460,46006,0,1,0,0.011286,1,0,1.459822,2021,0.023281241
330,-147.562984,65.14852,101,330,Point ZM,27,7833,9/30/2020,2,1399972,Caribou Creek,0.605141,1.90803E+13,1,NA,460,46006,0,1,0,0.011286,1,0,1.459822,2021,0.016042955
331,-147.56214,65.148524,102,331,Point ZM,27,7833,9/30/2020,2,1399972,Caribou Creek,0.605141,1.90803E+13,1,NA,460,46006,0,1,0,0.011286,1,0,1.459822,2021,0.022912229
332,-147.561325,65.148592,103,332,Point ZM,27,7833,9/30/2020,2,1399972,Caribou Creek,0.605141,1.90803E+13,1,NA,460,46006,0,1,0,0.011286,1,0,1.459822,2021,0.017996234
333,-147.560847,65.148842,104,333,Point ZM,27,7833,9/30/2020,2,1399972,Caribou Creek,0.605141,1.90803E+13,1,NA,460,46006,0,1,0,0.011286,1,0,1.459822,2021,0.019505154
334,-147.560471,65.149138,105,334,Point ZM,27,7833,9/30/2020,2,1399972,Caribou Creek,0.605141,1.90803E+13,1,NA,460,46006,0,1,0,0.011286,1,0,1.459822,2021,0.01703998
335,-147.559724,65.149172,106,335,Point ZM,27,7833,9/30/2020,2,1399972,Caribou Creek,0.605141,1.90803E+13,1,NA,460,46006,0,1,0,0.011286,1,0,1.459822,2021,0.018838915
336,-147.558981,65.148999,107,336,Point ZM,27,7833,9/30/2020,2,1399972,Caribou Creek,0.605141,1.90803E+13,1,NA,460,46006,0,1,0,0.011286,1,0,1.459822,2021,0.00891769
337,-147.558271,65.148808,108,337,Point ZM,27,7833,9/30/2020,2,1399972,Caribou Creek,0.605141,1.90803E+13,1,NA,460,46006,0,1,0,0.011286,1,0,1.459822,2021,0.013049562
338,-147.557518,65.148672,109,338,Point ZM,27,7833,9/30/2020,2,1399972,Caribou Creek,0.605141,1.90803E+13,1,NA,460,46006,0,1,0,0.011286,1,0,1.459822,2021,0.015202813
339,-147.556737,65.148538,110,339,Point ZM,27,7833,9/30/2020,2,1399972,Caribou Creek,0.605141,1.90803E+13,1,NA,460,46006,0,1,0,0.011286,1,0,1.459822,2021,0.011360064
340,-147.555897,65.148517,111,340,Point ZM,27,7833,9/30/2020,2,1399972,Caribou Creek,0.605141,1.90803E+13,1,NA,460,46006,0,1,0,0.011286,1,0,1.459822,2021,0.010359911
341,-147.556292,65.1487,112,341,Point ZM,27,7833,9/30/2020,2,1399972,Caribou Creek,0.605141,1.90803E+13,1,NA,460,46006,0,1,0,0.011286,1,0,1.459822,2021,0.01100208
342,-147.555643,65.148881,113,342,Point ZM,27,7833,9/30/2020,2,1399972,Caribou Creek,0.605141,1.90803E+13,1,NA,460,46006,0,1,0,0.011286,1,0,1.459822,2021,0.015467949
343,-147.554868,65.149013,114,343,Point ZM,27,7833,9/30/2020,2,1399972,Caribou Creek,0.605141,1.90803E+13,1,NA,460,46006,0,1,0,0.011286,1,0,1.459822,2021,0.014515132
344,-147.554736,65.149367,115,344,Point ZM,27,7833,9/30/2020,2,1399972,Caribou Creek,0.605141,1.90803E+13,1,NA,460,46006,0,1,0,0.011286,1,0,1.459822,2021,0.013637501
345,-147.554265,65.149617,116,345,Point ZM,27,7833,9/30/2020,2,1399972,Caribou Creek,0.605141,1.90803E+13,1,NA,460,46006,0,1,0,0.011286,1,0,1.459822,2021,0.01198337
346,-147.553611,65.14952,117,346,Point ZM,27,7833,9/30/2020,2,1399972,Caribou Creek,0.605141,1.90803E+13,1,NA,460,46006,0,1,0,0.011286,1,0,1.459822,2021,0.017687735
347,-147.552908,65.149599,118,347,Point ZM,27,7833,9/30/2020,2,1399972,Caribou Creek,0.605141,1.90803E+13,1,NA,460,46006,0,1,0,0.011286,1,0,1.459822,2021,0.018257995
348,-147.552169,65.149652,119,348,Point ZM,27,7833,9/30/2020,2,1399972,Caribou Creek,0.605141,1.90803E+13,1,NA,460,46006,0,1,0,0.011286,1,0,1.459822,2021,0.01479845
349,-147.551531,65.149883,120,349,Point ZM,27,7833,9/30/2020,2,1399972,Caribou Creek,0.605141,1.90803E+13,1,NA,460,46006,0,1,0,0.011286,1,0,1.459822,2021,0.015713334
350,-147.55076,65.149831,121,350,Point ZM,27,7833,9/30/2020,2,1399972,Caribou Creek,0.605141,1.90803E+13,1,NA,460,46006,0,1,0,0.011286,1,0,1.459822,2021,0.016314969
351,-147.550149,65.14958,122,351,Point ZM,27,7833,9/30/2020,2,1399972,Caribou Creek,0.605141,1.90803E+13,1,NA,460,46006,0,1,0,0.011286,1,0,1.459822,2021,0.013773135
352,-147.549431,65.149423,123,352,Point ZM,27,7833,9/30/2020,2,1399972,Caribou Creek,0.605141,1.90803E+13,1,NA,460,46006,0,1,0,0.011286,1,0,1.459822,2021,0.012814102
353,-147.548827,65.149625,124,353,Point ZM,27,7833,9/30/2020,2,1399972,Caribou Creek,0.605141,1.90803E+13,1,NA,460,46006,0,1,0,0.011286,1,0,1.459822,2021,0.009696082
354,-147.547985,65.149669,125,354,Point ZM,27,7833,9/30/2020,2,1399972,Caribou Creek,0.605141,1.90803E+13,1,NA,460,46006,0,1,0,0.011286,1,0,1.459822,2021,0.013941765
355,-147.547179,65.149786,126,355,Point ZM,27,7833,9/30/2020,2,1399972,Caribou Creek,0.605141,1.90803E+13,1,NA,460,46006,0,1,0,0.011286,1,0,1.459822,2021,0.01494107
356,-147.546383,65.149911,127,356,Point ZM,27,7833,9/30/2020,2,1399972,Caribou Creek,0.605141,1.90803E+13,1,NA,460,46006,0,1,0,0.011286,1,0,1.459822,2021,0.015250011
357,-147.545541,65.149962,128,357,Point ZM,27,7833,9/30/2020,2,1399972,Caribou Creek,0.605141,1.90803E+13,1,NA,460,46006,0,1,0,0.011286,1,0,1.459822,2021,0.016785301
358,-147.544733,65.14988,129,358,Point ZM,27,7833,9/30/2020,2,1399972,Caribou Creek,0.605141,1.90803E+13,1,NA,460,46006,0,1,0,0.011286,1,0,1.459822,2021,0.039039415
359,-147.543884,65.14986,130,359,Point ZM,27,7833,9/30/2020,2,1399972,Caribou Creek,0.605141,1.90803E+13,1,NA,460,46006,0,1,0,0.011286,1,0,1.459822,2021,0.061293529
360,-147.543498,65.150034,131,360,Point ZM,27,7833,9/30/2020,2,1399972,Caribou Creek,0.605141,1.90803E+13,1,NA,460,46006,0,1,0,0.011286,1,0,1.459822,2021,0.083547643
361,-147.542721,65.150056,132,361,Point ZM,27,7833,9/30/2020,2,1399972,Caribou Creek,0.605141,1.90803E+13,1,NA,460,46006,0,1,0,0.011286,1,0,1.459822,2021,0.105801757
362,-147.542293,65.149994,133,362,Point ZM,27,7833,9/30/2020,2,1399972,Caribou Creek,0.605141,1.90803E+13,1,NA,460,46006,0,1,0,0.011286,1,0,1.459822,2021,0.128055871
363,-147.589675,65.175323,302,363,Point ZM,28,7844,9/30/2020,2,NA,NA,1.597181,1.90803E+13,1,NA,460,46006,0,1,0,0.021179,1,0,1.596787,2022,0.150309985
364,-147.590021,65.174995,303,364,Point ZM,28,7844,9/30/2020,2,NA,NA,1.597181,1.90803E+13,1,NA,460,46006,0,1,0,0.021179,1,0,1.596787,2022,0.172564099
365,-147.590387,65.174671,304,365,Point ZM,28,7844,9/30/2020,2,NA,NA,1.597181,1.90803E+13,1,NA,460,46006,0,1,0,0.021179,1,0,1.596787,2022,0.194818213
366,-147.590803,65.174359,305,366,Point ZM,28,7844,9/30/2020,2,NA,NA,1.597181,1.90803E+13,1,NA,460,46006,0,1,0,0.021179,1,0,1.596787,2022,0.217072327
367,-147.591345,65.174082,306,367,Point ZM,28,7844,9/30/2020,2,NA,NA,1.597181,1.90803E+13,1,NA,460,46006,0,1,0,0.021179,1,0,1.596787,2022,0.239326441
368,-147.591935,65.173823,307,368,Point ZM,28,7844,9/30/2020,2,NA,NA,1.597181,1.90803E+13,1,NA,460,46006,0,1,0,0.021179,1,0,1.596787,2022,0.261580556
369,-147.592499,65.173554,308,369,Point ZM,28,7844,9/30/2020,2,NA,NA,1.597181,1.90803E+13,1,NA,460,46006,0,1,0,0.021179,1,0,1.596787,2022,0.255628577
370,-147.593117,65.173308,309,370,Point ZM,28,7844,9/30/2020,2,NA,NA,1.597181,1.90803E+13,1,NA,460,46006,0,1,0,0.021179,1,0,1.596787,2022,0.243632456
371,-147.593777,65.17308,310,371,Point ZM,28,7844,9/30/2020,2,NA,NA,1.597181,1.90803E+13,1,NA,460,46006,0,1,0,0.021179,1,0,1.596787,2022,0.23377735
372,-147.594436,65.172852,311,372,Point ZM,28,7844,9/30/2020,2,NA,NA,1.597181,1.90803E+13,1,NA,460,46006,0,1,0,0.021179,1,0,1.596787,2022,0.224975465
373,-147.595096,65.172624,312,373,Point ZM,28,7844,9/30/2020,2,NA,NA,1.597181,1.90803E+13,1,NA,460,46006,0,1,0,0.021179,1,0,1.596787,2022,0.207104153
374,-147.595755,65.172396,313,374,Point ZM,28,7844,9/30/2020,2,NA,NA,1.597181,1.90803E+13,1,NA,460,46006,0,1,0,0.021179,1,0,1.596787,2022,0.192204406
375,-147.596384,65.172155,314,375,Point ZM,28,7844,9/30/2020,2,NA,NA,1.597181,1.90803E+13,1,NA,460,46006,0,1,0,0.021179,1,0,1.596787,2022,0.182569188
376,-147.596847,65.171853,315,376,Point ZM,28,7844,9/30/2020,2,NA,NA,1.597181,1.90803E+13,1,NA,460,46006,0,1,0,0.021179,1,0,1.596787,2022,0.173414674
377,-147.597349,65.171563,316,377,Point ZM,28,7844,9/30/2020,2,NA,NA,1.597181,1.90803E+13,1,NA,460,46006,0,1,0,0.021179,1,0,1.596787,2022,0.163782571
378,-147.597781,65.171255,317,378,Point ZM,28,7844,9/30/2020,2,NA,NA,1.597181,1.90803E+13,1,NA,460,46006,0,1,0,0.021179,1,0,1.596787,2022,0.156784916
379,-147.598179,65.170938,318,379,Point ZM,28,7844,9/30/2020,2,NA,NA,1.597181,1.90803E+13,1,NA,460,46006,0,1,0,0.021179,1,0,1.596787,2022,0.151905698
380,-147.598466,65.170601,319,380,Point ZM,28,7844,9/30/2020,2,NA,NA,1.597181,1.90803E+13,1,NA,460,46006,0,1,0,0.021179,1,0,1.596787,2022,0.146734063
381,-147.598669,65.170252,320,381,Point ZM,28,7844,9/30/2020,2,NA,NA,1.597181,1.90803E+13,1,NA,460,46006,0,1,0,0.021179,1,0,1.596787,2022,0.142496252
382,-147.598906,65.169908,321,382,Point ZM,28,7844,9/30/2020,2,NA,NA,1.597181,1.90803E+13,1,NA,460,46006,0,1,0,0.021179,1,0,1.596787,2022,0.137284307
383,-147.59925,65.16958,322,383,Point ZM,28,7844,9/30/2020,2,NA,NA,1.597181,1.90803E+13,1,NA,460,46006,0,1,0,0.021179,1,0,1.596787,2022,0.132333747
384,-147.599682,65.16927,323,384,Point ZM,28,7844,9/30/2020,2,NA,NA,1.597181,1.90803E+13,1,NA,460,46006,0,1,0,0.021179,1,0,1.596787,2022,0.129014636
385,-147.600158,65.168973,324,385,Point ZM,28,7844,9/30/2020,2,NA,NA,1.597181,1.90803E+13,1,NA,460,46006,0,1,0,0.021179,1,0,1.596787,2022,0.122468765
386,-147.600675,65.168687,325,386,Point ZM,28,7844,9/30/2020,2,NA,NA,1.597181,1.90803E+13,1,NA,460,46006,0,1,0,0.021179,1,0,1.596787,2022,0.116997329
387,-147.601189,65.168401,326,387,Point ZM,28,7844,9/30/2020,2,NA,NA,1.597181,1.90803E+13,1,NA,460,46006,0,1,0,0.021179,1,0,1.596787,2022,0.109938224
388,-147.601579,65.168082,327,388,Point ZM,28,7844,9/30/2020,2,NA,NA,1.597181,1.90803E+13,1,NA,460,46006,0,1,0,0.021179,1,0,1.596787,2022,0.102134846
389,-147.601919,65.167753,328,389,Point ZM,28,7844,9/30/2020,2,NA,NA,1.597181,1.90803E+13,1,NA,460,46006,0,1,0,0.021179,1,0,1.596787,2022,0.099736827
390,-147.602258,65.167424,329,390,Point ZM,28,7844,9/30/2020,2,NA,NA,1.597181,1.90803E+13,1,NA,460,46006,0,1,0,0.021179,1,0,1.596787,2022,0.094283207
391,-147.602579,65.167091,330,391,Point ZM,28,7844,9/30/2020,2,NA,NA,1.597181,1.90803E+13,1,NA,460,46006,0,1,0,0.021179,1,0,1.596787,2022,0.094291915
392,-147.60293,65.166764,331,392,Point ZM,28,7844,9/30/2020,2,NA,NA,1.597181,1.90803E+13,1,NA,460,46006,0,1,0,0.021179,1,0,1.596787,2022,0.089852788
393,-147.603322,65.166445,332,393,Point ZM,28,7844,9/30/2020,2,NA,NA,1.597181,1.90803E+13,1,NA,460,46006,0,1,0,0.021179,1,0,1.596787,2022,0.0858921
394,-147.603678,65.166119,333,394,Point ZM,28,7844,9/30/2020,2,NA,NA,1.597181,1.90803E+13,1,NA,460,46006,0,1,0,0.021179,1,0,1.596787,2022,0.085678324
395,-147.60402,65.16579,334,395,Point ZM,28,7844,9/30/2020,2,NA,NA,1.597181,1.90803E+13,1,NA,460,46006,0,1,0,0.021179,1,0,1.596787,2022,0.084498203
396,-147.604341,65.165458,335,396,Point ZM,28,7844,9/30/2020,2,NA,NA,1.597181,1.90803E+13,1,NA,460,46006,0,1,0,0.021179,1,0,1.596787,2022,0.081092516
397,-147.60469,65.165131,336,397,Point ZM,28,7844,9/30/2020,2,NA,NA,1.597181,1.90803E+13,1,NA,460,46006,0,1,0,0.021179,1,0,1.596787,2022,0.078632289
398,-147.605126,65.164822,337,398,Point ZM,28,7844,9/30/2020,2,NA,NA,1.597181,1.90803E+13,1,NA,460,46006,0,1,0,0.021179,1,0,1.596787,2022,0.075862895
399,-147.605429,65.164488,338,399,Point ZM,28,7844,9/30/2020,2,NA,NA,1.597181,1.90803E+13,1,NA,460,46006,0,1,0,0.021179,1,0,1.596787,2022,0.070470455
400,-147.605749,65.164155,339,400,Point ZM,28,7844,9/30/2020,2,NA,NA,1.597181,1.90803E+13,1,NA,460,46006,0,1,0,0.021179,1,0,1.596787,2022,0.065078015
401,-147.606025,65.163816,340,401,Point ZM,28,7844,9/30/2020,2,NA,NA,1.597181,1.90803E+13,1,NA,460,46006,0,1,0,0.021179,1,0,1.596787,2022,0.059685574
402,-147.606072,65.163459,341,402,Point ZM,28,7844,9/30/2020,2,NA,NA,1.597181,1.90803E+13,1,NA,460,46006,0,1,0,0.021179,1,0,1.596787,2022,0.054293134
403,-147.606374,65.163158,342,403,Point ZM,28,7844,9/30/2020,2,NA,NA,1.597181,1.90803E+13,1,NA,460,46006,0,1,0,0.021179,1,0,1.596787,2022,0.048900694
404,-147.534083,65.149538,404,404,Point ZM,30,8154,9/30/2020,2,1399972,Caribou Creek,0.725963,1.90803E+13,1,NA,460,46006,0,1,0,0.013552,1,0,0.725578,2023,0.043508254
405,-147.533662,65.149252,405,405,Point ZM,30,8154,9/30/2020,2,1399972,Caribou Creek,0.725963,1.90803E+13,1,NA,460,46006,0,1,0,0.013552,1,0,0.725578,2023,0.038115813
406,-147.532813,65.149257,406,406,Point ZM,30,8154,9/30/2020,2,1399972,Caribou Creek,0.725963,1.90803E+13,1,NA,460,46006,0,1,0,0.013552,1,0,0.725578,2023,0.032723373
407,-147.531978,65.149328,407,407,Point ZM,30,8154,9/30/2020,2,1399972,Caribou Creek,0.725963,1.90803E+13,1,NA,460,46006,0,1,0,0.013552,1,0,0.725578,2023,0.027330933
408,-147.531126,65.149339,408,408,Point ZM,30,8154,9/30/2020,2,1399972,Caribou Creek,0.725963,1.90803E+13,1,NA,460,46006,0,1,0,0.013552,1,0,0.725578,2023,0.021938493
409,-147.530305,65.149372,409,409,Point ZM,30,8154,9/30/2020,2,1399972,Caribou Creek,0.725963,1.90803E+13,1,NA,460,46006,0,1,0,0.013552,1,0,0.725578,2023,0.016546053
410,-147.529534,65.149248,410,410,Point ZM,30,8154,9/30/2020,2,1399972,Caribou Creek,0.725963,1.90803E+13,1,NA,460,46006,0,1,0,0.013552,1,0,0.725578,2023,0.016824358
411,-147.528695,65.149294,411,411,Point ZM,30,8154,9/30/2020,2,1399972,Caribou Creek,0.725963,1.90803E+13,1,NA,460,46006,0,1,0,0.013552,1,0,0.725578,2023,0.017789377
412,-147.52793,65.149442,412,412,Point ZM,30,8154,9/30/2020,2,1399972,Caribou Creek,0.725963,1.90803E+13,1,NA,460,46006,0,1,0,0.013552,1,0,0.725578,2023,0.016698188
413,-147.527175,65.149528,413,413,Point ZM,30,8154,9/30/2020,2,1399972,Caribou Creek,0.725963,1.90803E+13,1,NA,460,46006,0,1,0,0.013552,1,0,0.725578,2023,0.016834834
414,-147.526364,65.149577,414,414,Point ZM,30,8154,9/30/2020,2,1399972,Caribou Creek,0.725963,1.90803E+13,1,NA,460,46006,0,1,0,0.013552,1,0,0.725578,2023,0.018436442
415,-147.525616,65.149446,415,415,Point ZM,30,8154,9/30/2020,2,1399972,Caribou Creek,0.725963,1.90803E+13,1,NA,460,46006,0,1,0,0.013552,1,0,0.725578,2023,0.010481516
416,-147.525241,65.149683,416,416,Point ZM,30,8154,9/30/2020,2,1399972,Caribou Creek,0.725963,1.90803E+13,1,NA,460,46006,0,1,0,0.013552,1,0,0.725578,2023,0.010378931
417,-147.525529,65.149854,417,417,Point ZM,30,8154,9/30/2020,2,1399972,Caribou Creek,0.725963,1.90803E+13,1,NA,460,46006,0,1,0,0.013552,1,0,0.725578,2023,0.010282563
418,-147.524955,65.149992,418,418,Point ZM,30,8154,9/30/2020,2,1399972,Caribou Creek,0.725963,1.90803E+13,1,NA,460,46006,0,1,0,0.013552,1,0,0.725578,2023,0.016833484
419,-147.524139,65.149955,419,419,Point ZM,30,8154,9/30/2020,2,1399972,Caribou Creek,0.725963,1.90803E+13,1,NA,460,46006,0,1,0,0.013552,1,0,0.725578,2023,0.018767135
420,-147.523673,65.150215,420,420,Point ZM,30,8154,9/30/2020,2,1399972,Caribou Creek,0.725963,1.90803E+13,1,NA,460,46006,0,1,0,0.013552,1,0,0.725578,2023,0.020700786
421,-147.523002,65.15042,421,421,Point ZM,30,8154,9/30/2020,2,1399972,Caribou Creek,0.725963,1.90803E+13,1,NA,460,46006,0,1,0,0.013552,1,0,0.725578,2023,0.022634437
422,-147.522187,65.150397,422,422,Point ZM,30,8154,9/30/2020,2,1399972,Caribou Creek,0.725963,1.90803E+13,1,NA,460,46006,0,1,0,0.013552,1,0,0.725578,2023,0.024568088
423,-147.522075,65.15038,423,423,Point ZM,30,8154,9/30/2020,2,1399972,Caribou Creek,0.725963,1.90803E+13,1,NA,460,46006,0,1,0,0.013552,1,0,0.725578,2023,0.026501739
424,-147.618837,65.155142,478,424,Point ZM,31,8447,9/30/2020,2,1399972,Caribou Creek,0.603972,1.90803E+13,1,NA,460,46006,0,1,0,0.012398,1,0,0.603594,2024,0.02843539
425,-147.618055,65.155284,479,425,Point ZM,31,8447,9/30/2020,2,1399972,Caribou Creek,0.603972,1.90803E+13,1,NA,460,46006,0,1,0,0.012398,1,0,0.603594,2024,0.030369041
426,-147.617275,65.15543,480,426,Point ZM,31,8447,9/30/2020,2,1399972,Caribou Creek,0.603972,1.90803E+13,1,NA,460,46006,0,1,0,0.012398,1,0,0.603594,2024,0.032302692
427,-147.61648,65.15556,481,427,Point ZM,31,8447,9/30/2020,2,1399972,Caribou Creek,0.603972,1.90803E+13,1,NA,460,46006,0,1,0,0.012398,1,0,0.603594,2024,0.034236343
428,-147.615684,65.15569,482,428,Point ZM,31,8447,9/30/2020,2,1399972,Caribou Creek,0.603972,1.90803E+13,1,NA,460,46006,0,1,0,0.012398,1,0,0.603594,2024,0.036169994
429,-147.614889,65.155819,483,429,Point ZM,31,8447,9/30/2020,2,1399972,Caribou Creek,0.603972,1.90803E+13,1,NA,460,46006,0,1,0,0.012398,1,0,0.603594,2024,0.038103646
430,-147.614089,65.155944,484,430,Point ZM,31,8447,9/30/2020,2,1399972,Caribou Creek,0.603972,1.90803E+13,1,NA,460,46006,0,1,0,0.012398,1,0,0.603594,2024,0.03713497
431,-147.613248,65.156001,485,431,Point ZM,31,8447,9/30/2020,2,1399972,Caribou Creek,0.603972,1.90803E+13,1,NA,460,46006,0,1,0,0.012398,1,0,0.603594,2024,0.035556861
432,-147.612428,65.156099,486,432,Point ZM,31,8447,9/30/2020,2,1399972,Caribou Creek,0.603972,1.90803E+13,1,NA,460,46006,0,1,0,0.012398,1,0,0.603594,2024,0.034212118
433,-147.611616,65.156209,487,433,Point ZM,31,8447,9/30/2020,2,1399972,Caribou Creek,0.603972,1.90803E+13,1,NA,460,46006,0,1,0,0.012398,1,0,0.603594,2024,0.032091356
434,-147.610803,65.156317,488,434,Point ZM,31,8447,9/30/2020,2,1399972,Caribou Creek,0.603972,1.90803E+13,1,NA,460,46006,0,1,0,0.012398,1,0,0.603594,2024,0.032183323
435,-147.609988,65.156423,489,435,Point ZM,31,8447,9/30/2020,2,1399972,Caribou Creek,0.603972,1.90803E+13,1,NA,460,46006,0,1,0,0.012398,1,0,0.603594,2024,0.028339741
436,-147.609151,65.156493,490,436,Point ZM,31,8447,9/30/2020,2,1399972,Caribou Creek,0.603972,1.90803E+13,1,NA,460,46006,0,1,0,0.012398,1,0,0.603594,2024,0.031126404
437,-147.608305,65.15653,491,437,Point ZM,31,8447,9/30/2020,2,1399972,Caribou Creek,0.603972,1.90803E+13,1,NA,460,46006,0,1,0,0.012398,1,0,0.603594,2024,0.033913066
438,-147.607457,65.156521,492,438,Point ZM,31,8447,9/30/2020,2,1399972,Caribou Creek,0.603972,1.90803E+13,1,NA,460,46006,0,1,0,0.012398,1,0,0.603594,2024,0.036699729
439,-147.606621,65.156452,493,439,Point ZM,31,8447,9/30/2020,2,1399972,Caribou Creek,0.603972,1.90803E+13,1,NA,460,46006,0,1,0,0.012398,1,0,0.603594,2024,0.039486392
440,-147.606545,65.156448,494,440,Point ZM,31,8447,9/30/2020,2,1399972,Caribou Creek,0.603972,1.90803E+13,1,NA,460,46006,0,1,0,0.012398,1,0,0.603594,2024,0.042273055
441,-147.649092,65.146412,495,441,Point ZM,32,8547,9/30/2020,2,1399972,Caribou Creek,1.763414,1.90803E+13,1,NA,460,46006,0,1,0,0.031749,1,0,1.762573,2025,0.045059717
442,-147.648243,65.146432,496,442,Point ZM,32,8547,9/30/2020,2,1399972,Caribou Creek,1.763414,1.90803E+13,1,NA,460,46006,0,1,0,0.031749,1,0,1.762573,2025,0.04784638
443,-147.647438,65.146541,497,443,Point ZM,32,8547,9/30/2020,2,1399972,Caribou Creek,1.763414,1.90803E+13,1,NA,460,46006,0,1,0,0.031749,1,0,1.762573,2025,0.050633043
444,-147.646631,65.146652,498,444,Point ZM,32,8547,9/30/2020,2,1399972,Caribou Creek,1.763414,1.90803E+13,1,NA,460,46006,0,1,0,0.031749,1,0,1.762573,2025,0.053419706
445,-147.645873,65.146816,499,445,Point ZM,32,8547,9/30/2020,2,1399972,Caribou Creek,1.763414,1.90803E+13,1,NA,460,46006,0,1,0,0.031749,1,0,1.762573,2025,0.056206369
446,-147.645061,65.146922,500,446,Point ZM,32,8547,9/30/2020,2,1399972,Caribou Creek,1.763414,1.90803E+13,1,NA,460,46006,0,1,0,0.031749,1,0,1.762573,2025,0.058993031
447,-147.644225,65.14699,501,447,Point ZM,32,8547,9/30/2020,2,1399972,Caribou Creek,1.763414,1.90803E+13,1,NA,460,46006,0,1,0,0.031749,1,0,1.762573,2025,0.056196608
448,-147.643437,65.147124,502,448,Point ZM,32,8547,9/30/2020,2,1399972,Caribou Creek,1.763414,1.90803E+13,1,NA,460,46006,0,1,0,0.031749,1,0,1.762573,2025,0.052764288
449,-147.642673,65.147282,503,449,Point ZM,32,8547,9/30/2020,2,1399972,Caribou Creek,1.763414,1.90803E+13,1,NA,460,46006,0,1,0,0.031749,1,0,1.762573,2025,0.051993611
450,-147.641925,65.147435,504,450,Point ZM,32,8547,9/30/2020,2,1399972,Caribou Creek,1.763414,1.90803E+13,1,NA,460,46006,0,1,0,0.031749,1,0,1.762573,2025,0.049295231
451,-147.641204,65.14762,505,451,Point ZM,32,8547,9/30/2020,2,1399972,Caribou Creek,1.763414,1.90803E+13,1,NA,460,46006,0,1,0,0.031749,1,0,1.762573,2025,0.047353155
452,-147.640481,65.147809,506,452,Point ZM,32,8547,9/30/2020,2,1399972,Caribou Creek,1.763414,1.90803E+13,1,NA,460,46006,0,1,0,0.031749,1,0,1.762573,2025,0.045794614
453,-147.639732,65.14798,507,453,Point ZM,32,8547,9/30/2020,2,1399972,Caribou Creek,1.763414,1.90803E+13,1,NA,460,46006,0,1,0,0.031749,1,0,1.762573,2025,0.046417627
454,-147.639005,65.148167,508,454,Point ZM,32,8547,9/30/2020,2,1399972,Caribou Creek,1.763414,1.90803E+13,1,NA,460,46006,0,1,0,0.031749,1,0,1.762573,2025,0.046607695
455,-147.638277,65.148354,509,455,Point ZM,32,8547,9/30/2020,2,1399972,Caribou Creek,1.763414,1.90803E+13,1,NA,460,46006,0,1,0,0.031749,1,0,1.762573,2025,0.04722991
456,-147.637546,65.148539,510,456,Point ZM,32,8547,9/30/2020,2,1399972,Caribou Creek,1.763414,1.90803E+13,1,NA,460,46006,0,1,0,0.031749,1,0,1.762573,2025,0.045775923
457,-147.636757,65.148674,511,457,Point ZM,32,8547,9/30/2020,2,1399972,Caribou Creek,1.763414,1.90803E+13,1,NA,460,46006,0,1,0,0.031749,1,0,1.762573,2025,0.046131166
458,-147.635935,65.148767,512,458,Point ZM,32,8547,9/30/2020,2,1399972,Caribou Creek,1.763414,1.90803E+13,1,NA,460,46006,0,1,0,0.031749,1,0,1.762573,2025,0.047215587
459,-147.635154,65.14891,513,459,Point ZM,32,8547,9/30/2020,2,1399972,Caribou Creek,1.763414,1.90803E+13,1,NA,460,46006,0,1,0,0.031749,1,0,1.762573,2025,0.046796509
460,-147.634407,65.149083,514,460,Point ZM,32,8547,9/30/2020,2,1399972,Caribou Creek,1.763414,1.90803E+13,1,NA,460,46006,0,1,0,0.031749,1,0,1.762573,2025,0.049035616
461,-147.633705,65.149281,515,461,Point ZM,32,8547,9/30/2020,2,1399972,Caribou Creek,1.763414,1.90803E+13,1,NA,460,46006,0,1,0,0.031749,1,0,1.762573,2025,0.049192612
462,-147.633054,65.149513,516,462,Point ZM,32,8547,9/30/2020,2,1399972,Caribou Creek,1.763414,1.90803E+13,1,NA,460,46006,0,1,0,0.031749,1,0,1.762573,2025,0.050713224
463,-147.632378,65.149731,517,463,Point ZM,32,8547,9/30/2020,2,1399972,Caribou Creek,1.763414,1.90803E+13,1,NA,460,46006,0,1,0,0.031749,1,0,1.762573,2025,0.046928808
464,-147.631715,65.149955,518,464,Point ZM,32,8547,9/30/2020,2,1399972,Caribou Creek,1.763414,1.90803E+13,1,NA,460,46006,0,1,0,0.031749,1,0,1.762573,2025,0.046433448
465,-147.631085,65.150197,519,465,Point ZM,32,8547,9/30/2020,2,1399972,Caribou Creek,1.763414,1.90803E+13,1,NA,460,46006,0,1,0,0.031749,1,0,1.762573,2025,0.045237856
466,-147.630429,65.150426,520,466,Point ZM,32,8547,9/30/2020,2,1399972,Caribou Creek,1.763414,1.90803E+13,1,NA,460,46006,0,1,0,0.031749,1,0,1.762573,2025,0.045667109
467,-147.629814,65.150675,521,467,Point ZM,32,8547,9/30/2020,2,1399972,Caribou Creek,1.763414,1.90803E+13,1,NA,460,46006,0,1,0,0.031749,1,0,1.762573,2025,0.04551347
468,-147.629161,65.150906,522,468,Point ZM,32,8547,9/30/2020,2,1399972,Caribou Creek,1.763414,1.90803E+13,1,NA,460,46006,0,1,0,0.031749,1,0,1.762573,2025,0.048082562
469,-147.628503,65.151134,523,469,Point ZM,32,8547,9/30/2020,2,1399972,Caribou Creek,1.763414,1.90803E+13,1,NA,460,46006,0,1,0,0.031749,1,0,1.762573,2025,0.045527676
470,-147.627878,65.151378,524,470,Point ZM,32,8547,9/30/2020,2,1399972,Caribou Creek,1.763414,1.90803E+13,1,NA,460,46006,0,1,0,0.031749,1,0,1.762573,2025,0.045648521
471,-147.627197,65.151593,525,471,Point ZM,32,8547,9/30/2020,2,1399972,Caribou Creek,1.763414,1.90803E+13,1,NA,460,46006,0,1,0,0.031749,1,0,1.762573,2025,0.04424228
472,-147.626631,65.151857,526,472,Point ZM,32,8547,9/30/2020,2,1399972,Caribou Creek,1.763414,1.90803E+13,1,NA,460,46006,0,1,0,0.031749,1,0,1.762573,2025,0.04337462
473,-147.626137,65.152147,527,473,Point ZM,32,8547,9/30/2020,2,1399972,Caribou Creek,1.763414,1.90803E+13,1,NA,460,46006,0,1,0,0.031749,1,0,1.762573,2025,0.042866109
474,-147.625472,65.152369,528,474,Point ZM,32,8547,9/30/2020,2,1399972,Caribou Creek,1.763414,1.90803E+13,1,NA,460,46006,0,1,0,0.031749,1,0,1.762573,2025,0.042703899
475,-147.625034,65.152677,529,475,Point ZM,32,8547,9/30/2020,2,1399972,Caribou Creek,1.763414,1.90803E+13,1,NA,460,46006,0,1,0,0.031749,1,0,1.762573,2025,0.041293634
476,-147.624416,65.152923,530,476,Point ZM,32,8547,9/30/2020,2,1399972,Caribou Creek,1.763414,1.90803E+13,1,NA,460,46006,0,1,0,0.031749,1,0,1.762573,2025,0.041427595
477,-147.62382,65.153177,531,477,Point ZM,32,8547,9/30/2020,2,1399972,Caribou Creek,1.763414,1.90803E+13,1,NA,460,46006,0,1,0,0.031749,1,0,1.762573,2025,0.04241365
478,-147.623374,65.153482,532,478,Point ZM,32,8547,9/30/2020,2,1399972,Caribou Creek,1.763414,1.90803E+13,1,NA,460,46006,0,1,0,0.031749,1,0,1.762573,2025,0.036505158
479,-147.622709,65.153705,533,479,Point ZM,32,8547,9/30/2020,2,1399972,Caribou Creek,1.763414,1.90803E+13,1,NA,460,46006,0,1,0,0.031749,1,0,1.762573,2025,0.035814212
480,-147.622031,65.153922,534,480,Point ZM,32,8547,9/30/2020,2,1399972,Caribou Creek,1.763414,1.90803E+13,1,NA,460,46006,0,1,0,0.031749,1,0,1.762573,2025,0.032765849
481,-147.62145,65.154185,535,481,Point ZM,32,8547,9/30/2020,2,1399972,Caribou Creek,1.763414,1.90803E+13,1,NA,460,46006,0,1,0,0.031749,1,0,1.762573,2025,0.028333361
482,-147.620809,65.154421,536,482,Point ZM,32,8547,9/30/2020,2,1399972,Caribou Creek,1.763414,1.90803E+13,1,NA,460,46006,0,1,0,0.031749,1,0,1.762573,2025,0.02963569
483,-147.62017,65.154659,537,483,Point ZM,32,8547,9/30/2020,2,1399972,Caribou Creek,1.763414,1.90803E+13,1,NA,460,46006,0,1,0,0.031749,1,0,1.762573,2025,0.030938019
484,-147.619542,65.154901,538,484,Point ZM,32,8547,9/30/2020,2,1399972,Caribou Creek,1.763414,1.90803E+13,1,NA,460,46006,0,1,0,0.031749,1,0,1.762573,2025,0.032240348
485,-147.61888,65.155127,539,485,Point ZM,32,8547,9/30/2020,2,1399972,Caribou Creek,1.763414,1.90803E+13,1,NA,460,46006,0,1,0,0.031749,1,0,1.762573,2025,0.033542676
486,-147.618837,65.155142,540,486,Point ZM,32,8547,9/30/2020,2,1399972,Caribou Creek,1.763414,1.90803E+13,1,NA,460,46006,0,1,0,0.031749,1,0,1.762573,2025,0.034845005
487,-147.607322,65.160583,541,487,Point ZM,33,8577,9/30/2020,2,NA,NA,0.490414,1.90803E+13,1,NA,460,46006,0,1,0,0.005388,1,0,0.490333,2026,0.036147334
488,-147.607592,65.160244,542,488,Point ZM,33,8577,9/30/2020,2,NA,NA,0.490414,1.90803E+13,1,NA,460,46006,0,1,0,0.005388,1,0,0.490333,2026,0.037449663
489,-147.607783,65.159897,543,489,Point ZM,33,8577,9/30/2020,2,NA,NA,0.490414,1.90803E+13,1,NA,460,46006,0,1,0,0.005388,1,0,0.490333,2026,0.038751991
490,-147.608189,65.159584,544,490,Point ZM,33,8577,9/30/2020,2,NA,NA,0.490414,1.90803E+13,1,NA,460,46006,0,1,0,0.005388,1,0,0.490333,2026,0.04005432
491,-147.608487,65.159251,545,491,Point ZM,33,8577,9/30/2020,2,NA,NA,0.490414,1.90803E+13,1,NA,460,46006,0,1,0,0.005388,1,0,0.490333,2026,0.041356649
492,-147.608439,65.158894,546,492,Point ZM,33,8577,9/30/2020,2,NA,NA,0.490414,1.90803E+13,1,NA,460,46006,0,1,0,0.005388,1,0,0.490333,2026,0.042658978
493,-147.608345,65.158537,547,493,Point ZM,33,8577,9/30/2020,2,NA,NA,0.490414,1.90803E+13,1,NA,460,46006,0,1,0,0.005388,1,0,0.490333,2026,0.043912668
494,-147.608222,65.158182,548,494,Point ZM,33,8577,9/30/2020,2,NA,NA,0.490414,1.90803E+13,1,NA,460,46006,0,1,0,0.005388,1,0,0.490333,2026,0.044178943
495,-147.608073,65.157829,549,495,Point ZM,33,8577,9/30/2020,2,NA,NA,0.490414,1.90803E+13,1,NA,460,46006,0,1,0,0.005388,1,0,0.490333,2026,0.041278912
496,-147.60778,65.157492,550,496,Point ZM,33,8577,9/30/2020,2,NA,NA,0.490414,1.90803E+13,1,NA,460,46006,0,1,0,0.005388,1,0,0.490333,2026,0.04003994
497,-147.607418,65.157167,551,497,Point ZM,33,8577,9/30/2020,2,NA,NA,0.490414,1.90803E+13,1,NA,460,46006,0,1,0,0.005388,1,0,0.490333,2026,0.038800968
498,-147.606994,65.156856,552,498,Point ZM,33,8577,9/30/2020,2,NA,NA,0.490414,1.90803E+13,1,NA,460,46006,0,1,0,0.005388,1,0,0.490333,2026,0.037561997
499,-147.606601,65.156538,553,499,Point ZM,33,8577,9/30/2020,2,NA,NA,0.490414,1.90803E+13,1,NA,460,46006,0,1,0,0.005388,1,0,0.490333,2026,0.036323025
500,-147.606545,65.156448,554,500,Point ZM,33,8577,9/30/2020,2,NA,NA,0.490414,1.90803E+13,1,NA,460,46006,0,1,0,0.005388,1,0,0.490333,2026,0.035084054
501,-147.606545,65.156448,449,501,Point ZM,34,8645,9/30/2020,2,1399972,Caribou Creek,0.806245,1.90803E+13,1,NA,460,46006,0,1,0,0.015511,1,0,1.096164,2027,0.033845082
502,-147.605945,65.15621,450,502,Point ZM,34,8645,9/30/2020,2,1399972,Caribou Creek,0.806245,1.90803E+13,1,NA,460,46006,0,1,0,0.015511,1,0,1.096164,2027,0.032606111
503,-147.605293,65.155988,451,503,Point ZM,34,8645,9/30/2020,2,1399972,Caribou Creek,0.806245,1.90803E+13,1,NA,460,46006,0,1,0,0.015511,1,0,1.096164,2027,0.031367139
504,-147.604476,65.155899,452,504,Point ZM,34,8645,9/30/2020,2,1399972,Caribou Creek,0.806245,1.90803E+13,1,NA,460,46006,0,1,0,0.015511,1,0,1.096164,2027,0.030128167
505,-147.603656,65.155809,453,505,Point ZM,34,8645,9/30/2020,2,1399972,Caribou Creek,0.806245,1.90803E+13,1,NA,460,46006,0,1,0,0.015511,1,0,1.096164,2027,0.028889196
506,-147.602811,65.155759,454,506,Point ZM,34,8645,9/30/2020,2,1399972,Caribou Creek,0.806245,1.90803E+13,1,NA,460,46006,0,1,0,0.015511,1,0,1.096164,2027,0.027650224
507,-147.602011,65.155645,455,507,Point ZM,34,8645,9/30/2020,2,1399972,Caribou Creek,0.806245,1.90803E+13,1,NA,460,46006,0,1,0,0.015511,1,0,1.096164,2027,0.028047311
508,-147.601289,65.155454,456,508,Point ZM,34,8645,9/30/2020,2,1399972,Caribou Creek,0.806245,1.90803E+13,1,NA,460,46006,0,1,0,0.015511,1,0,1.096164,2027,0.028642385
509,-147.60053,65.155292,457,509,Point ZM,34,8645,9/30/2020,2,1399972,Caribou Creek,0.806245,1.90803E+13,1,NA,460,46006,0,1,0,0.015511,1,0,1.096164,2027,0.028379797
510,-147.599713,65.15519,458,510,Point ZM,34,8645,9/30/2020,2,1399972,Caribou Creek,0.806245,1.90803E+13,1,NA,460,46006,0,1,0,0.015511,1,0,1.096164,2027,0.02949021
511,-147.598971,65.155016,459,511,Point ZM,34,8645,9/30/2020,2,1399972,Caribou Creek,0.806245,1.90803E+13,1,NA,460,46006,0,1,0,0.015511,1,0,1.096164,2027,0.027815148
512,-147.598202,65.154862,460,512,Point ZM,34,8645,9/30/2020,2,1399972,Caribou Creek,0.806245,1.90803E+13,1,NA,460,46006,0,1,0,0.015511,1,0,1.096164,2027,0.024951571
513,-147.597463,65.154683,461,513,Point ZM,34,8645,9/30/2020,2,1399972,Caribou Creek,0.806245,1.90803E+13,1,NA,460,46006,0,1,0,0.015511,1,0,1.096164,2027,0.02598981
514,-147.59674,65.154492,462,514,Point ZM,34,8645,9/30/2020,2,1399972,Caribou Creek,0.806245,1.90803E+13,1,NA,460,46006,0,1,0,0.015511,1,0,1.096164,2027,0.027215577
515,-147.596045,65.154285,463,515,Point ZM,34,8645,9/30/2020,2,1399972,Caribou Creek,0.806245,1.90803E+13,1,NA,460,46006,0,1,0,0.015511,1,0,1.096164,2027,0.027544007
516,-147.595306,65.154107,464,516,Point ZM,34,8645,9/30/2020,2,1399972,Caribou Creek,0.806245,1.90803E+13,1,NA,460,46006,0,1,0,0.015511,1,0,1.096164,2027,0.026143413
517,-147.594536,65.153952,465,517,Point ZM,34,8645,9/30/2020,2,1399972,Caribou Creek,0.806245,1.90803E+13,1,NA,460,46006,0,1,0,0.015511,1,0,1.096164,2027,0.02677476
518,-147.593782,65.153785,466,518,Point ZM,34,8645,9/30/2020,2,1399972,Caribou Creek,0.806245,1.90803E+13,1,NA,460,46006,0,1,0,0.015511,1,0,1.096164,2027,0.025085417
519,-147.593015,65.15363,467,519,Point ZM,34,8645,9/30/2020,2,1399972,Caribou Creek,0.806245,1.90803E+13,1,NA,460,46006,0,1,0,0.015511,1,0,1.096164,2027,0.026277151
520,-147.592241,65.15348,468,520,Point ZM,34,8645,9/30/2020,2,1399972,Caribou Creek,0.806245,1.90803E+13,1,NA,460,46006,0,1,0,0.015511,1,0,1.096164,2027,0.023286544
521,-147.591492,65.153308,469,521,Point ZM,34,8645,9/30/2020,2,1399972,Caribou Creek,0.806245,1.90803E+13,1,NA,460,46006,0,1,0,0.015511,1,0,1.096164,2027,0.025851631
522,-147.590719,65.153159,470,522,Point ZM,34,8645,9/30/2020,2,1399972,Caribou Creek,0.806245,1.90803E+13,1,NA,460,46006,0,1,0,0.015511,1,0,1.096164,2027,0.027450604
523,-147.58993,65.153023,471,523,Point ZM,34,8645,9/30/2020,2,1399972,Caribou Creek,0.806245,1.90803E+13,1,NA,460,46006,0,1,0,0.015511,1,0,1.096164,2027,0.02656233
524,-147.589163,65.152867,472,524,Point ZM,34,8645,9/30/2020,2,1399972,Caribou Creek,0.806245,1.90803E+13,1,NA,460,46006,0,1,0,0.015511,1,0,1.096164,2027,0.026067372
525,-147.588402,65.152705,473,525,Point ZM,34,8645,9/30/2020,2,1399972,Caribou Creek,0.806245,1.90803E+13,1,NA,460,46006,0,1,0,0.015511,1,0,1.096164,2027,0.029851861
526,-147.587636,65.152547,474,526,Point ZM,34,8645,9/30/2020,2,1399972,Caribou Creek,0.806245,1.90803E+13,1,NA,460,46006,0,1,0,0.015511,1,0,1.096164,2027,0.033636351
527,-147.586859,65.1524,475,527,Point ZM,34,8645,9/30/2020,2,1399972,Caribou Creek,0.806245,1.90803E+13,1,NA,460,46006,0,1,0,0.015511,1,0,1.096164,2027,0.03742084
528,-147.586104,65.152233,476,528,Point ZM,34,8645,9/30/2020,2,1399972,Caribou Creek,0.806245,1.90803E+13,1,NA,460,46006,0,1,0,0.015511,1,0,1.096164,2027,0.041205329
529,-147.585793,65.152171,477,529,Point ZM,34,8645,9/30/2020,2,1399972,Caribou Creek,0.806245,1.90803E+13,1,NA,460,46006,0,1,0,0.015511,1,0,1.096164,2027,0.044989819
530,-147.59043,65.139899,428,530,Point ZM,35,8679,9/30/2020,2,NA,NA,0.900516,1.90803E+13,1,NA,460,46006,0,1,0,0.016375,1,0,0.787477,2028,0.048774308
531,-147.589809,65.140145,429,531,Point ZM,35,8679,9/30/2020,2,NA,NA,0.900516,1.90803E+13,1,NA,460,46006,0,1,0,0.016375,1,0,0.787477,2028,0.052558797
532,-147.589153,65.140374,430,532,Point ZM,35,8679,9/30/2020,2,NA,NA,0.900516,1.90803E+13,1,NA,460,46006,0,1,0,0.016375,1,0,0.787477,2028,0.056343287
533,-147.58854,65.140623,431,533,Point ZM,35,8679,9/30/2020,2,NA,NA,0.900516,1.90803E+13,1,NA,460,46006,0,1,0,0.016375,1,0,0.787477,2028,0.060127776
534,-147.587895,65.140858,432,534,Point ZM,35,8679,9/30/2020,2,NA,NA,0.900516,1.90803E+13,1,NA,460,46006,0,1,0,0.016375,1,0,0.787477,2028,0.063912266
535,-147.587288,65.14111,433,535,Point ZM,35,8679,9/30/2020,2,NA,NA,0.900516,1.90803E+13,1,NA,460,46006,0,1,0,0.016375,1,0,0.787477,2028,0.067696755
536,-147.586716,65.141376,434,536,Point ZM,35,8679,9/30/2020,2,NA,NA,0.900516,1.90803E+13,1,NA,460,46006,0,1,0,0.016375,1,0,0.787477,2028,0.067506408
537,-147.586117,65.14163,435,537,Point ZM,35,8679,9/30/2020,2,NA,NA,0.900516,1.90803E+13,1,NA,460,46006,0,1,0,0.016375,1,0,0.787477,2028,0.067113982
538,-147.585364,65.141795,436,538,Point ZM,35,8679,9/30/2020,2,NA,NA,0.900516,1.90803E+13,1,NA,460,46006,0,1,0,0.016375,1,0,0.787477,2028,0.066214199
539,-147.584532,65.141858,437,539,Point ZM,35,8679,9/30/2020,2,NA,NA,0.900516,1.90803E+13,1,NA,460,46006,0,1,0,0.016375,1,0,0.787477,2028,0.063761987
540,-147.583739,65.141977,438,540,Point ZM,35,8679,9/30/2020,2,NA,NA,0.900516,1.90803E+13,1,NA,460,46006,0,1,0,0.016375,1,0,0.787477,2028,0.066874288
541,-147.583026,65.142174,439,541,Point ZM,35,8679,9/30/2020,2,NA,NA,0.900516,1.90803E+13,1,NA,460,46006,0,1,0,0.016375,1,0,0.787477,2028,0.060920486
542,-147.582438,65.14243,440,542,Point ZM,35,8679,9/30/2020,2,NA,NA,0.900516,1.90803E+13,1,NA,460,46006,0,1,0,0.016375,1,0,0.787477,2028,0.063708705
543,-147.581793,65.142654,441,543,Point ZM,35,8679,9/30/2020,2,NA,NA,0.900516,1.90803E+13,1,NA,460,46006,0,1,0,0.016375,1,0,0.787477,2028,0.062080258
544,-147.58104,65.142822,442,544,Point ZM,35,8679,9/30/2020,2,NA,NA,0.900516,1.90803E+13,1,NA,460,46006,0,1,0,0.016375,1,0,0.787477,2028,0.059310387
545,-147.580345,65.143028,443,545,Point ZM,35,8679,9/30/2020,2,NA,NA,0.900516,1.90803E+13,1,NA,460,46006,0,1,0,0.016375,1,0,0.787477,2028,0.061368124
546,-147.57959,65.143183,444,546,Point ZM,35,8679,9/30/2020,2,NA,NA,0.900516,1.90803E+13,1,NA,460,46006,0,1,0,0.016375,1,0,0.787477,2028,0.080193255
547,-147.578816,65.14333,445,547,Point ZM,35,8679,9/30/2020,2,NA,NA,0.900516,1.90803E+13,1,NA,460,46006,0,1,0,0.016375,1,0,0.787477,2028,0.099018386
548,-147.578069,65.143503,446,548,Point ZM,35,8679,9/30/2020,2,NA,NA,0.900516,1.90803E+13,1,NA,460,46006,0,1,0,0.016375,1,0,0.787477,2028,0.117843517
549,-147.57732,65.143675,447,549,Point ZM,35,8679,9/30/2020,2,NA,NA,0.900516,1.90803E+13,1,NA,460,46006,0,1,0,0.016375,1,0,0.787477,2028,0.136668648
550,-147.576804,65.143791,448,550,Point ZM,35,8679,9/30/2020,2,NA,NA,0.900516,1.90803E+13,1,NA,460,46006,0,1,0,0.016375,1,0,0.787477,2028,0.155493779
551,-147.642508,65.164487,555,551,Point ZM,37,9267,9/30/2020,2,NA,NA,1.551175,1.90803E+13,1,NA,460,46006,0,1,0,0.02571,1,0,1.550544,2030,0.17431891
552,-147.641845,65.164277,556,552,Point ZM,37,9267,9/30/2020,2,NA,NA,1.551175,1.90803E+13,1,NA,460,46006,0,1,0,0.02571,1,0,1.550544,2030,0.193144041
553,-147.641177,65.16406,557,553,Point ZM,37,9267,9/30/2020,2,NA,NA,1.551175,1.90803E+13,1,NA,460,46006,0,1,0,0.02571,1,0,1.550544,2030,0.211969171
554,-147.64073,65.163757,558,554,Point ZM,37,9267,9/30/2020,2,NA,NA,1.551175,1.90803E+13,1,NA,460,46006,0,1,0,0.02571,1,0,1.550544,2030,0.230794302
555,-147.64039,65.163428,559,555,Point ZM,37,9267,9/30/2020,2,NA,NA,1.551175,1.90803E+13,1,NA,460,46006,0,1,0,0.02571,1,0,1.550544,2030,0.249619433
556,-147.640041,65.163101,560,556,Point ZM,37,9267,9/30/2020,2,NA,NA,1.551175,1.90803E+13,1,NA,460,46006,0,1,0,0.02571,1,0,1.550544,2030,0.268444564
557,-147.639712,65.16277,561,557,Point ZM,37,9267,9/30/2020,2,NA,NA,1.551175,1.90803E+13,1,NA,460,46006,0,1,0,0.02571,1,0,1.550544,2030,0.239796799
558,-147.639312,65.162453,562,558,Point ZM,37,9267,9/30/2020,2,NA,NA,1.551175,1.90803E+13,1,NA,460,46006,0,1,0,0.02571,1,0,1.550544,2030,0.2179057
559,-147.638884,65.162143,563,559,Point ZM,37,9267,9/30/2020,2,NA,NA,1.551175,1.90803E+13,1,NA,460,46006,0,1,0,0.02571,1,0,1.550544,2030,0.192972265
560,-147.638345,65.161865,564,560,Point ZM,37,9267,9/30/2020,2,NA,NA,1.551175,1.90803E+13,1,NA,460,46006,0,1,0,0.02571,1,0,1.550544,2030,0.176734722
561,-147.6378,65.161589,565,561,Point ZM,37,9267,9/30/2020,2,NA,NA,1.551175,1.90803E+13,1,NA,460,46006,0,1,0,0.02571,1,0,1.550544,2030,0.168830674
562,-147.637208,65.161331,566,562,Point ZM,37,9267,9/30/2020,2,NA,NA,1.551175,1.90803E+13,1,NA,460,46006,0,1,0,0.02571,1,0,1.550544,2030,0.158937034
563,-147.636622,65.16107,567,563,Point ZM,37,9267,9/30/2020,2,NA,NA,1.551175,1.90803E+13,1,NA,460,46006,0,1,0,0.02571,1,0,1.550544,2030,0.149844451
564,-147.636003,65.160824,568,564,Point ZM,37,9267,9/30/2020,2,NA,NA,1.551175,1.90803E+13,1,NA,460,46006,0,1,0,0.02571,1,0,1.550544,2030,0.137031161
565,-147.635409,65.160566,569,565,Point ZM,37,9267,9/30/2020,2,NA,NA,1.551175,1.90803E+13,1,NA,460,46006,0,1,0,0.02571,1,0,1.550544,2030,0.124471797
566,-147.634867,65.160289,570,566,Point ZM,37,9267,9/30/2020,2,NA,NA,1.551175,1.90803E+13,1,NA,460,46006,0,1,0,0.02571,1,0,1.550544,2030,0.118019349
567,-147.634282,65.160029,571,567,Point ZM,37,9267,9/30/2020,2,NA,NA,1.551175,1.90803E+13,1,NA,460,46006,0,1,0,0.02571,1,0,1.550544,2030,0.113775808
568,-147.633588,65.15982,572,568,Point ZM,37,9267,9/30/2020,2,NA,NA,1.551175,1.90803E+13,1,NA,460,46006,0,1,0,0.02571,1,0,1.550544,2030,0.115490418
569,-147.632883,65.159619,573,569,Point ZM,37,9267,9/30/2020,2,NA,NA,1.551175,1.90803E+13,1,NA,460,46006,0,1,0,0.02571,1,0,1.550544,2030,0.113855194
570,-147.632168,65.159423,574,570,Point ZM,37,9267,9/30/2020,2,NA,NA,1.551175,1.90803E+13,1,NA,460,46006,0,1,0,0.02571,1,0,1.550544,2030,0.115563761
571,-147.631462,65.159222,575,571,Point ZM,37,9267,9/30/2020,2,NA,NA,1.551175,1.90803E+13,1,NA,460,46006,0,1,0,0.02571,1,0,1.550544,2030,0.105361768
572,-147.630767,65.159014,576,572,Point ZM,37,9267,9/30/2020,2,NA,NA,1.551175,1.90803E+13,1,NA,460,46006,0,1,0,0.02571,1,0,1.550544,2030,0.104096146
573,-147.630044,65.158824,577,573,Point ZM,37,9267,9/30/2020,2,NA,NA,1.551175,1.90803E+13,1,NA,460,46006,0,1,0,0.02571,1,0,1.550544,2030,0.101535848
574,-147.629339,65.158622,578,574,Point ZM,37,9267,9/30/2020,2,NA,NA,1.551175,1.90803E+13,1,NA,460,46006,0,1,0,0.02571,1,0,1.550544,2030,0.101182208
575,-147.628719,65.158376,579,575,Point ZM,37,9267,9/30/2020,2,NA,NA,1.551175,1.90803E+13,1,NA,460,46006,0,1,0,0.02571,1,0,1.550544,2030,0.097357324
576,-147.628075,65.158141,580,576,Point ZM,37,9267,9/30/2020,2,NA,NA,1.551175,1.90803E+13,1,NA,460,46006,0,1,0,0.02571,1,0,1.550544,2030,0.098061259
577,-147.627397,65.157923,581,577,Point ZM,37,9267,9/30/2020,2,NA,NA,1.551175,1.90803E+13,1,NA,460,46006,0,1,0,0.02571,1,0,1.550544,2030,0.096718804
578,-147.626732,65.157698,582,578,Point ZM,37,9267,9/30/2020,2,NA,NA,1.551175,1.90803E+13,1,NA,460,46006,0,1,0,0.02571,1,0,1.550544,2030,0.091133402
579,-147.626046,65.157485,583,579,Point ZM,37,9267,9/30/2020,2,NA,NA,1.551175,1.90803E+13,1,NA,460,46006,0,1,0,0.02571,1,0,1.550544,2030,0.091558396
580,-147.625375,65.157263,584,580,Point ZM,37,9267,9/30/2020,2,NA,NA,1.551175,1.90803E+13,1,NA,460,46006,0,1,0,0.02571,1,0,1.550544,2030,0.085246869
581,-147.624742,65.157023,585,581,Point ZM,37,9267,9/30/2020,2,NA,NA,1.551175,1.90803E+13,1,NA,460,46006,0,1,0,0.02571,1,0,1.550544,2030,0.087085359
582,-147.624112,65.156781,586,582,Point ZM,37,9267,9/30/2020,2,NA,NA,1.551175,1.90803E+13,1,NA,460,46006,0,1,0,0.02571,1,0,1.550544,2030,0.08415451
583,-147.623452,65.156554,587,583,Point ZM,37,9267,9/30/2020,2,NA,NA,1.551175,1.90803E+13,1,NA,460,46006,0,1,0,0.02571,1,0,1.550544,2030,0.082733454
584,-147.622726,65.156366,588,584,Point ZM,37,9267,9/30/2020,2,NA,NA,1.551175,1.90803E+13,1,NA,460,46006,0,1,0,0.02571,1,0,1.550544,2030,0.080789385
585,-147.621996,65.156181,589,585,Point ZM,37,9267,9/30/2020,2,NA,NA,1.551175,1.90803E+13,1,NA,460,46006,0,1,0,0.02571,1,0,1.550544,2030,0.07940593
586,-147.62133,65.155958,590,586,Point ZM,37,9267,9/30/2020,2,NA,NA,1.551175,1.90803E+13,1,NA,460,46006,0,1,0,0.02571,1,0,1.550544,2030,0.079368917
587,-147.620708,65.155718,591,587,Point ZM,37,9267,9/30/2020,2,NA,NA,1.551175,1.90803E+13,1,NA,460,46006,0,1,0,0.02571,1,0,1.550544,2030,0.079331903
588,-147.620013,65.155533,592,588,Point ZM,37,9267,9/30/2020,2,NA,NA,1.551175,1.90803E+13,1,NA,460,46006,0,1,0,0.02571,1,0,1.550544,2030,0.079294889
589,-147.61934,65.155314,593,589,Point ZM,37,9267,9/30/2020,2,NA,NA,1.551175,1.90803E+13,1,NA,460,46006,0,1,0,0.02571,1,0,1.550544,2030,0.079257876
590,-147.618837,65.155142,594,590,Point ZM,37,9267,9/30/2020,2,NA,NA,1.551175,1.90803E+13,1,NA,460,46006,0,1,0,0.02571,1,0,1.550544,2030,0.079220862
591,-147.600688,65.138897,595,591,Point ZM,39,4873,9/30/2020,2,NA,NA,1.428247,1.90803E+13,1,NA,460,46006,0,1,0,0.029983,1,0,0.392182,2013,0.079183848
592,-147.599839,65.138928,596,592,Point ZM,39,4873,9/30/2020,2,NA,NA,1.428247,1.90803E+13,1,NA,460,46006,0,1,0,0.029983,1,0,0.392182,2013,0.079146835
593,-147.598995,65.13897,597,593,Point ZM,39,4873,9/30/2020,2,NA,NA,1.428247,1.90803E+13,1,NA,460,46006,0,1,0,0.029983,1,0,0.392182,2013,0.079109821
594,-147.598155,65.138985,598,594,Point ZM,39,4873,9/30/2020,2,NA,NA,1.428247,1.90803E+13,1,NA,460,46006,0,1,0,0.029983,1,0,0.392182,2013,0.079072807
595,-147.597317,65.139047,599,595,Point ZM,39,4873,9/30/2020,2,NA,NA,1.428247,1.90803E+13,1,NA,460,46006,0,1,0,0.029983,1,0,0.392182,2013,0.079035794
596,-147.596472,65.139094,600,596,Point ZM,39,4873,9/30/2020,2,NA,NA,1.428247,1.90803E+13,1,NA,460,46006,0,1,0,0.029983,1,0,0.392182,2013,0.07899878
597,-147.595632,65.139151,601,597,Point ZM,39,4873,9/30/2020,2,NA,NA,1.428247,1.90803E+13,1,NA,460,46006,0,1,0,0.029983,1,0,0.392182,2013,0.084521043
598,-147.594792,65.13921,602,598,Point ZM,39,4873,9/30/2020,2,NA,NA,1.428247,1.90803E+13,1,NA,460,46006,0,1,0,0.029983,1,0,0.392182,2013,0.090043306
599,-147.593951,65.139269,603,599,Point ZM,39,4873,9/30/2020,2,NA,NA,1.428247,1.90803E+13,1,NA,460,46006,0,1,0,0.029983,1,0,0.392182,2013,0.095565569
600,-147.593103,65.139284,604,600,Point ZM,39,4873,9/30/2020,2,NA,NA,1.428247,1.90803E+13,1,NA,460,46006,0,1,0,0.029983,1,0,0.392182,2013,0.101087832
601,-147.592477,65.139398,605,601,Point ZM,39,4873,9/30/2020,2,NA,NA,1.428247,1.90803E+13,1,NA,460,46006,0,1,0,0.029983,1,0,0.392182,2013,0.106610095
602,-147.592477,65.139398,424,602,Point ZM,41,8679,9/30/2020,2,NA,NA,0.900516,1.90803E+13,1,NA,460,46006,0,1,0,0.016375,1,0,0.112604,2029,0.112132358
603,-147.591769,65.139596,425,603,Point ZM,41,8679,9/30/2020,2,NA,NA,0.900516,1.90803E+13,1,NA,460,46006,0,1,0,0.016375,1,0,0.112604,2029,0.117654621
604,-147.590969,65.139716,426,604,Point ZM,41,8679,9/30/2020,2,NA,NA,0.900516,1.90803E+13,1,NA,460,46006,0,1,0,0.016375,1,0,0.112604,2029,0.123176883
605,-147.59043,65.139899,427,605,Point ZM,41,8679,9/30/2020,2,NA,NA,0.900516,1.90803E+13,1,NA,460,46006,0,1,0,0.016375,1,0,0.112604,2029,0.128699146
606,-147.573747,65.13998,606,606,Point ZM,42,1443,9/30/2020,2,NA,NA,1.097439,1.90803E+13,1,NA,460,46006,0,1,0,0.010945,1,0,0.451283,2014,0.134221409
607,-147.573886,65.140334,607,607,Point ZM,42,1443,9/30/2020,2,NA,NA,1.097439,1.90803E+13,1,NA,460,46006,0,1,0,0.010945,1,0,0.451283,2014,0.139743672
608,-147.574132,65.140677,608,608,Point ZM,42,1443,9/30/2020,2,NA,NA,1.097439,1.90803E+13,1,NA,460,46006,0,1,0,0.010945,1,0,0.451283,2014,0.145265935
609,-147.574383,65.14102,609,609,Point ZM,42,1443,9/30/2020,2,NA,NA,1.097439,1.90803E+13,1,NA,460,46006,0,1,0,0.010945,1,0,0.451283,2014,0.150788198
610,-147.574651,65.141361,610,610,Point ZM,42,1443,9/30/2020,2,NA,NA,1.097439,1.90803E+13,1,NA,460,46006,0,1,0,0.010945,1,0,0.451283,2014,0.156310461
611,-147.574987,65.14169,611,611,Point ZM,42,1443,9/30/2020,2,NA,NA,1.097439,1.90803E+13,1,NA,460,46006,0,1,0,0.010945,1,0,0.451283,2014,0.161832724
612,-147.575268,65.142029,612,612,Point ZM,42,1443,9/30/2020,2,NA,NA,1.097439,1.90803E+13,1,NA,460,46006,0,1,0,0.010945,1,0,0.451283,2014,0.152929168
613,-147.575624,65.142355,613,613,Point ZM,42,1443,9/30/2020,2,NA,NA,1.097439,1.90803E+13,1,NA,460,46006,0,1,0,0.010945,1,0,0.451283,2014,0.140496586
614,-147.575992,65.142678,614,614,Point ZM,42,1443,9/30/2020,2,NA,NA,1.097439,1.90803E+13,1,NA,460,46006,0,1,0,0.010945,1,0,0.451283,2014,0.140496586
615,-147.57634,65.143004,615,615,Point ZM,42,1443,9/30/2020,2,NA,NA,1.097439,1.90803E+13,1,NA,460,46006,0,1,0,0.010945,1,0,0.451283,2014,0.140496586
616,-147.576593,65.143333,616,616,Point ZM,42,1443,9/30/2020,2,NA,NA,1.097439,1.90803E+13,1,NA,460,46006,0,1,0,0.010945,1,0,0.451283,2014,0.140496586
617,-147.576732,65.143686,617,617,Point ZM,42,1443,9/30/2020,2,NA,NA,1.097439,1.90803E+13,1,NA,460,46006,0,1,0,0.010945,1,0,0.451283,2014,0.140496586
618,-147.576792,65.143784,618,618,Point ZM,42,1443,9/30/2020,2,NA,NA,1.097439,1.90803E+13,1,NA,460,46006,0,1,0,0.010945,1,0,0.451283,2014,0.140496586
