,coords.x1,coords.x2,X,OBJECTID,Shape,ORIG_FID,DomainNum,SiteID,Source,Length,Shape_Leng,Permanent_Identifier,slope
1,-105.569815,40.039725,1,1,Point,0,D13,COMO,NA,0,2899.690984,1001,0.101368505
2,-105.569672,40.039641,2,2,Point,0,D13,COMO,NA,0,2899.690984,1001,0.101368505
3,-105.569493,40.039583,3,3,Point,0,D13,COMO,NA,0,2899.690984,1001,0.073002036
4,-105.569343,40.039495,4,4,Point,0,D13,COMO,NA,0,2899.690984,1001,0.045867624
5,-105.569162,40.039519,5,5,Point,0,D13,COMO,NA,0,2899.690984,1001,0.040645487
6,-105.568975,40.039554,6,6,Point,0,D13,COMO,NA,0,2899.690984,1001,0.058296878
7,-105.568781,40.039556,7,7,Point,0,D13,COMO,NA,0,2899.690984,1001,0.085635512
8,-105.568678,40.039435,8,8,Point,0,D13,COMO,NA,0,2899.690984,1001,0.070459412
9,-105.568539,40.039439,9,9,Point,0,D13,COMO,NA,0,2899.690984,1001,0.052245381
10,-105.568401,40.039524,10,10,Point,0,D13,COMO,NA,0,2899.690984,1001,0.011779532
11,-105.568224,40.039575,11,11,Point,0,D13,COMO,NA,0,2899.690984,1001,0.016152865
12,-105.568048,40.039657,12,12,Point,0,D13,COMO,NA,0,2899.690984,1001,0.029954704
13,-105.567854,40.03963,13,13,Point,0,D13,COMO,NA,0,2899.690984,1001,0.055233227
14,-105.567664,40.03964,14,14,Point,0,D13,COMO,NA,0,2899.690984,1001,0.074413354
15,-105.567485,40.039713,15,15,Point,0,D13,COMO,NA,0,2899.690984,1001,0.083951389
16,-105.567295,40.039704,16,16,Point,0,D13,COMO,NA,0,2899.690984,1001,0.096655409
17,-105.567094,40.039732,17,17,Point,0,D13,COMO,NA,0,2899.690984,1001,0.089219891
18,-105.566884,40.039687,18,18,Point,0,D13,COMO,NA,0,2899.690984,1001,0.123983284
19,-105.566698,40.039637,19,19,Point,0,D13,COMO,NA,0,2899.690984,1001,0.148103367
20,-105.566504,40.039589,20,20,Point,0,D13,COMO,NA,0,2899.690984,1001,0.165804414
21,-105.566317,40.039537,21,21,Point,0,D13,COMO,NA,0,2899.690984,1001,0.1202971
22,-105.56612,40.039481,22,22,Point,0,D13,COMO,NA,0,2899.690984,1001,0.100269482
23,-105.565925,40.039499,23,23,Point,0,D13,COMO,NA,0,2899.690984,1001,0.139924404
24,-105.565732,40.039441,24,24,Point,0,D13,COMO,NA,0,2899.690984,1001,0.198262203
25,-105.565575,40.039344,25,25,Point,0,D13,COMO,NA,0,2899.690984,1001,0.18977878
26,-105.56545,40.039226,26,26,Point,0,D13,COMO,NA,0,2899.690984,1001,0.142415222
27,-105.565253,40.039211,27,27,Point,0,D13,COMO,NA,0,2899.690984,1001,0.074260591
28,-105.565103,40.039105,28,28,Point,0,D13,COMO,NA,0,2899.690984,1001,0.051839615
29,-105.564925,40.039013,29,29,Point,0,D13,COMO,NA,0,2899.690984,1001,0.047318001
30,-105.564736,40.038959,30,30,Point,0,D13,COMO,NA,0,2899.690984,1001,0.061919358
31,-105.564555,40.038903,31,31,Point,0,D13,COMO,NA,0,2899.690984,1001,0.06092144
32,-105.564389,40.038852,32,32,Point,0,D13,COMO,NA,0,2899.690984,1001,0.042145756
33,-105.564221,40.038771,33,33,Point,0,D13,COMO,NA,0,2899.690984,1001,0.039358643
34,-105.564062,40.03867,34,34,Point,0,D13,COMO,NA,0,2899.690984,1001,0.067136046
35,-105.56388,40.038663,35,35,Point,0,D13,COMO,NA,0,2899.690984,1001,0.094991281
36,-105.563695,40.038676,36,36,Point,0,D13,COMO,NA,0,2899.690984,1001,0.111069045
37,-105.563533,40.038592,37,37,Point,0,D13,COMO,NA,0,2899.690984,1001,0.086864885
38,-105.563323,40.038601,38,38,Point,0,D13,COMO,NA,0,2899.690984,1001,0.072185967
39,-105.563204,40.038482,39,39,Point,0,D13,COMO,NA,0,2899.690984,1001,0.057513604
40,-105.563024,40.038436,40,40,Point,0,D13,COMO,NA,0,2899.690984,1001,0.061132811
41,-105.562834,40.038367,41,41,Point,0,D13,COMO,NA,0,2899.690984,1001,0.074867122
42,-105.562643,40.038335,42,42,Point,0,D13,COMO,NA,0,2899.690984,1001,0.081589154
43,-105.562465,40.03828,43,43,Point,0,D13,COMO,NA,0,2899.690984,1001,0.077195162
44,-105.562296,40.038197,44,44,Point,0,D13,COMO,NA,0,2899.690984,1001,0.110113296
45,-105.56213,40.038087,45,45,Point,0,D13,COMO,NA,0,2899.690984,1001,0.157404511
46,-105.56195,40.038035,46,46,Point,0,D13,COMO,NA,0,2899.690984,1001,0.16325474
47,-105.561792,40.037937,47,47,Point,0,D13,COMO,NA,0,2899.690984,1001,0.133600446
48,-105.561592,40.037909,48,48,Point,0,D13,COMO,NA,0,2899.690984,1001,0.064695284
49,-105.561422,40.037834,49,49,Point,0,D13,COMO,NA,0,2899.690984,1001,0.042373489
50,-105.561251,40.037758,50,50,Point,0,D13,COMO,NA,0,2899.690984,1001,0.056223982
51,-105.561068,40.037681,51,51,Point,0,D13,COMO,NA,0,2899.690984,1001,0.085975934
52,-105.56089,40.037608,52,52,Point,0,D13,COMO,NA,0,2899.690984,1001,0.10353393
53,-105.5607,40.037627,53,53,Point,0,D13,COMO,NA,0,2899.690984,1001,0.08756549
54,-105.560501,40.037604,54,54,Point,0,D13,COMO,NA,0,2899.690984,1001,0.10284525
55,-105.560322,40.037643,55,55,Point,0,D13,COMO,NA,0,2899.690984,1001,0.091262898
56,-105.560137,40.037618,56,56,Point,0,D13,COMO,NA,0,2899.690984,1001,0.108188365
57,-105.559989,40.037543,57,57,Point,0,D13,COMO,NA,0,2899.690984,1001,0.074870626
58,-105.559827,40.037472,58,58,Point,0,D13,COMO,NA,0,2899.690984,1001,0.114537324
59,-105.559635,40.037479,59,59,Point,0,D13,COMO,NA,0,2899.690984,1001,0.071704479
60,-105.559431,40.037447,60,60,Point,0,D13,COMO,NA,0,2899.690984,1001,0.070653539
61,-105.559232,40.037423,61,61,Point,0,D13,COMO,NA,0,2899.690984,1001,0.056917357
62,-105.559063,40.037354,62,62,Point,0,D13,COMO,NA,0,2899.690984,1001,0.107599871
63,-105.558877,40.03735,63,63,Point,0,D13,COMO,NA,0,2899.690984,1001,0.115841651
64,-105.558681,40.037381,64,64,Point,0,D13,COMO,NA,0,2899.690984,1001,0.091629085
65,-105.558495,40.037366,65,65,Point,0,D13,COMO,NA,0,2899.690984,1001,0.052153404
66,-105.55834,40.037318,66,66,Point,0,D13,COMO,NA,0,2899.690984,1001,0.053939764
67,-105.558147,40.037271,67,67,Point,0,D13,COMO,NA,0,2899.690984,1001,0.081651727
68,-105.557925,40.037284,68,68,Point,0,D13,COMO,NA,0,2899.690984,1001,0.130402419
69,-105.55772,40.037303,69,69,Point,0,D13,COMO,NA,0,2899.690984,1001,0.185324893
70,-105.557505,40.037285,70,70,Point,0,D13,COMO,NA,0,2899.690984,1001,0.192741794
71,-105.55731,40.03731,71,71,Point,0,D13,COMO,NA,0,2899.690984,1001,0.168896018
72,-105.557146,40.037389,72,72,Point,0,D13,COMO,NA,0,2899.690984,1001,0.11767051
73,-105.556982,40.037282,73,73,Point,0,D13,COMO,NA,0,2899.690984,1001,0.127416318
74,-105.556796,40.037266,74,74,Point,0,D13,COMO,NA,0,2899.690984,1001,0.096434295
75,-105.556653,40.037165,75,75,Point,0,D13,COMO,NA,0,2899.690984,1001,0.075343935
76,-105.556489,40.037058,76,76,Point,0,D13,COMO,NA,0,2899.690984,1001,0.028437864
77,-105.556357,40.036993,77,77,Point,0,D13,COMO,NA,0,2899.690984,1001,0.034175041
78,-105.556224,40.036873,78,78,Point,0,D13,COMO,NA,0,2899.690984,1001,0.053262307
79,-105.556013,40.036866,79,79,Point,0,D13,COMO,NA,0,2899.690984,1001,0.116843112
80,-105.555831,40.036781,80,80,Point,0,D13,COMO,NA,0,2899.690984,1001,0.138431306
81,-105.555727,40.036634,81,81,Point,0,D13,COMO,NA,0,2899.690984,1001,0.165721754
82,-105.55568,40.036566,82,82,Point,4,D13,COMO,NA,0,1762.790324,1001,0.135443212
83,-105.564924,40.037244,83,151,Point,4,D13,COMO,NA,0,1762.790324,1005,0.110434184
84,-105.564874,40.037325,84,152,Point,4,D13,COMO,NA,0,1762.790324,1005,0.071648673
85,-105.564741,40.037362,85,153,Point,4,D13,COMO,NA,0,1762.790324,1005,0.074492779
86,-105.564673,40.037443,86,154,Point,4,D13,COMO,NA,0,1762.790324,1005,0.06519119
87,-105.564476,40.037442,87,155,Point,4,D13,COMO,NA,0,1762.790324,1005,0.084987114
88,-105.56436,40.037416,88,156,Point,4,D13,COMO,NA,0,1762.790324,1005,0.055389344
89,-105.564361,40.037282,89,157,Point,4,D13,COMO,NA,0,1762.790324,1005,0.083728815
90,-105.56426,40.037161,90,158,Point,4,D13,COMO,NA,0,1762.790324,1005,0.050724402
91,-105.564182,40.037059,91,159,Point,4,D13,COMO,NA,0,1762.790324,1005,0.04455707
92,-105.564041,40.036961,92,160,Point,4,D13,COMO,NA,0,1762.790324,1005,0.045888671
93,-105.56393,40.037011,93,161,Point,4,D13,COMO,NA,0,1762.790324,1005,0.105158668
94,-105.563873,40.037141,94,162,Point,4,D13,COMO,NA,0,1762.790324,1005,0.114822757
95,-105.563725,40.03725,95,163,Point,4,D13,COMO,NA,0,1762.790324,1005,0.091490131
96,-105.563704,40.037159,96,164,Point,4,D13,COMO,NA,0,1762.790324,1005,0.037583122
97,-105.563551,40.03714,97,165,Point,4,D13,COMO,NA,0,1762.790324,1005,0.021561063
98,-105.563346,40.037112,98,166,Point,4,D13,COMO,NA,0,1762.790324,1005,0.011549098
99,-105.563212,40.037118,99,167,Point,4,D13,COMO,NA,0,1762.790324,1005,0.01070317
100,-105.563106,40.037121,100,168,Point,4,D13,COMO,NA,0,1762.790324,1005,0.012257387
101,-105.563072,40.037263,101,169,Point,4,D13,COMO,NA,0,1762.790324,1005,0.014247049
102,-105.562976,40.037298,102,170,Point,4,D13,COMO,NA,0,1762.790324,1005,0.02016241
103,-105.562802,40.037205,103,171,Point,4,D13,COMO,NA,0,1762.790324,1005,0.049374619
104,-105.562876,40.037097,104,172,Point,4,D13,COMO,NA,0,1762.790324,1005,0.071215402
105,-105.562955,40.036968,105,173,Point,4,D13,COMO,NA,0,1762.790324,1005,0.104787666
106,-105.56288,40.036884,106,174,Point,4,D13,COMO,NA,0,1762.790324,1005,0.101954433
107,-105.562798,40.036783,107,175,Point,4,D13,COMO,NA,0,1762.790324,1005,0.120168256
108,-105.562716,40.036723,108,176,Point,4,D13,COMO,NA,0,1762.790324,1005,0.092350341
109,-105.562677,40.036651,109,177,Point,4,D13,COMO,NA,0,1762.790324,1005,0.156318655
110,-105.562528,40.036688,110,178,Point,4,D13,COMO,NA,0,1762.790324,1005,0.161475221
111,-105.562395,40.03665,111,179,Point,4,D13,COMO,NA,0,1762.790324,1005,0.151704194
112,-105.562409,40.036517,112,180,Point,4,D13,COMO,NA,0,1762.790324,1005,0.085623435
113,-105.562237,40.036494,113,181,Point,4,D13,COMO,NA,0,1762.790324,1005,0.077210418
114,-105.562092,40.036474,114,182,Point,4,D13,COMO,NA,0,1762.790324,1005,0.116910058
115,-105.56196,40.03641,115,183,Point,4,D13,COMO,NA,0,1762.790324,1005,0.117201566
116,-105.561911,40.036515,116,184,Point,4,D13,COMO,NA,0,1762.790324,1005,0.10470399
117,-105.561894,40.03662,117,185,Point,4,D13,COMO,NA,0,1762.790324,1005,0.101800591
118,-105.561797,40.036667,118,186,Point,4,D13,COMO,NA,0,1762.790324,1005,0.078292983
119,-105.561829,40.036797,119,187,Point,4,D13,COMO,NA,0,1762.790324,1005,0.071483346
120,-105.561709,40.036863,120,188,Point,4,D13,COMO,NA,0,1762.790324,1005,0.056768131
121,-105.561556,40.036872,121,189,Point,4,D13,COMO,NA,0,1762.790324,1005,0.083783156
122,-105.561443,40.03681,122,190,Point,4,D13,COMO,NA,0,1762.790324,1005,0.094357673
123,-105.561297,40.03682,123,191,Point,4,D13,COMO,NA,0,1762.790324,1005,0.092860297
124,-105.561314,40.03673,124,192,Point,4,D13,COMO,NA,0,1762.790324,1005,0.080423068
125,-105.56132,40.036621,125,193,Point,4,D13,COMO,NA,0,1762.790324,1005,0.056678902
126,-105.561146,40.03657,126,194,Point,4,D13,COMO,NA,0,1762.790324,1005,0.069345791
127,-105.560982,40.0365,127,195,Point,4,D13,COMO,NA,0,1762.790324,1005,0.063485078
128,-105.56086,40.036417,128,196,Point,4,D13,COMO,NA,0,1762.790324,1005,0.0559095
129,-105.560714,40.036448,129,197,Point,4,D13,COMO,NA,0,1762.790324,1005,0.015794941
130,-105.56071,40.036344,130,198,Point,4,D13,COMO,NA,0,1762.790324,1005,0.002662223
131,-105.560625,40.036283,131,199,Point,4,D13,COMO,NA,0,1762.790324,1005,0.003345652
132,-105.560495,40.036201,132,200,Point,4,D13,COMO,NA,0,1762.790324,1005,0.011441068
133,-105.560366,40.036116,133,201,Point,4,D13,COMO,NA,0,1762.790324,1005,0.038435182
134,-105.560202,40.036066,134,202,Point,4,D13,COMO,NA,0,1762.790324,1005,0.07081194
135,-105.560051,40.036042,135,203,Point,4,D13,COMO,NA,0,1762.790324,1005,0.153528515
136,-105.559873,40.036004,136,204,Point,4,D13,COMO,NA,0,1762.790324,1005,0.166772552
137,-105.559811,40.035989,137,205,Point,4,D13,COMO,NA,0,1762.790324,1005,0.174788099
138,-105.559685,40.03609,138,206,Point,4,D13,COMO,NA,0,1762.790324,1005,0.117424349
139,-105.55955,40.036186,139,207,Point,4,D13,COMO,NA,0,1762.790324,1005,0.082215618
140,-105.559394,40.036147,140,208,Point,4,D13,COMO,NA,0,1762.790324,1005,0.083297243
141,-105.559228,40.036174,141,209,Point,4,D13,COMO,NA,0,1762.790324,1005,0.078480192
142,-105.559067,40.036182,142,210,Point,4,D13,COMO,NA,0,1762.790324,1005,0.091901127
143,-105.558948,40.036075,143,211,Point,4,D13,COMO,NA,0,1762.790324,1005,0.137682815
144,-105.558925,40.03614,144,212,Point,4,D13,COMO,NA,0,1762.790324,1005,0.188465863
145,-105.558879,40.036275,145,213,Point,4,D13,COMO,NA,0,1762.790324,1005,0.184251385
146,-105.558849,40.036384,146,214,Point,4,D13,COMO,NA,0,1762.790324,1005,0.119737199
147,-105.558799,40.036508,147,215,Point,4,D13,COMO,NA,0,1762.790324,1005,0.06282003
148,-105.558735,40.036602,148,216,Point,4,D13,COMO,NA,0,1762.790324,1005,0.087591198
149,-105.558659,40.036574,149,217,Point,4,D13,COMO,NA,0,1762.790324,1005,0.126250864
150,-105.55853,40.036531,150,218,Point,4,D13,COMO,NA,0,1762.790324,1005,0.126289998
151,-105.55842,40.036582,151,219,Point,4,D13,COMO,NA,0,1762.790324,1005,0.169515078
152,-105.558275,40.036582,152,220,Point,4,D13,COMO,NA,0,1762.790324,1005,0.126431611
153,-105.558246,40.036467,153,221,Point,4,D13,COMO,NA,0,1762.790324,1005,0.107949632
154,-105.558061,40.036412,154,222,Point,4,D13,COMO,NA,0,1762.790324,1005,0.042213787
155,-105.55794,40.036514,155,223,Point,4,D13,COMO,NA,0,1762.790324,1005,0.040089307
156,-105.557843,40.036575,156,224,Point,4,D13,COMO,NA,0,1762.790324,1005,0.092883173
157,-105.557674,40.036612,157,225,Point,4,D13,COMO,NA,0,1762.790324,1005,0.167939863
158,-105.557507,40.03661,158,226,Point,4,D13,COMO,NA,0,1762.790324,1005,0.1821288
159,-105.557348,40.036558,159,227,Point,4,D13,COMO,NA,0,1762.790324,1005,0.125511223
160,-105.557149,40.036534,160,228,Point,4,D13,COMO,NA,0,1762.790324,1005,0.085298101
161,-105.557002,40.036471,161,229,Point,4,D13,COMO,NA,0,1762.790324,1005,0.103038815
162,-105.5569,40.036553,162,230,Point,4,D13,COMO,NA,0,1762.790324,1005,0.113750894
163,-105.556723,40.036526,163,231,Point,4,D13,COMO,NA,0,1762.790324,1005,0.07404752
164,-105.55663,40.036458,164,232,Point,4,D13,COMO,NA,0,1762.790324,1005,0.090370285
165,-105.556474,40.036537,165,233,Point,4,D13,COMO,NA,0,1762.790324,1005,0.106013823
166,-105.556379,40.03646,166,234,Point,4,D13,COMO,NA,0,1762.790324,1005,0.136372768
167,-105.556229,40.036459,167,235,Point,4,D13,COMO,NA,0,1762.790324,1005,0.148473867
168,-105.556056,40.036499,168,236,Point,4,D13,COMO,NA,0,1762.790324,1005,0.176967783
169,-105.555949,40.036485,169,237,Point,4,D13,COMO,NA,0,1762.790324,1005,0.157267232
170,-105.555788,40.036459,170,238,Point,4,D13,COMO,NA,0,1762.790324,1005,0.13306238
171,-105.555681,40.036558,171,239,Point,4,D13,COMO,NA,0,1762.790324,1005,0.13042461
172,-105.55568,40.036566,172,240,Point,4,D13,COMO,NA,0,1762.790324,1005,0.11110992
173,-105.550925,40.035392,173,241,Point,5,D13,COMO,NA,0,160.412588,1006,0.060600754
174,-105.550767,40.035312,174,242,Point,5,D13,COMO,NA,0,160.412588,1006,0.00878593
175,-105.550593,40.035207,175,243,Point,5,D13,COMO,NA,0,160.412588,1006,0.010882745
176,-105.550454,40.035105,176,244,Point,5,D13,COMO,NA,0,160.412588,1006,0.015206805
177,-105.550315,40.034986,177,245,Point,5,D13,COMO,NA,0,160.412588,1006,0.021090907
178,-105.55024,40.03485,178,246,Point,5,D13,COMO,NA,0,160.412588,1006,0.01970082
179,-105.550052,40.034798,179,247,Point,5,D13,COMO,NA,0,160.412588,1006,0.043306299
180,-105.549982,40.034675,180,248,Point,5,D13,COMO,NA,0,160.412588,1006,0.047154514
181,-105.54985,40.03459,181,249,Point,5,D13,COMO,NA,0,160.412588,1006,0.070010048
182,-105.557574,40.042929,182,466,Point,13,D13,COMO,NA,0,1038.329174,1018,0.082671119
183,-105.557444,40.042883,183,467,Point,13,D13,COMO,NA,0,1038.329174,1018,0.119070036
184,-105.557467,40.042756,184,468,Point,13,D13,COMO,NA,0,1038.329174,1018,0.126234494
185,-105.557466,40.042605,185,469,Point,13,D13,COMO,NA,0,1038.329174,1018,0.126054035
186,-105.55747,40.042465,186,470,Point,13,D13,COMO,NA,0,1038.329174,1018,0.122172764
187,-105.557448,40.042323,187,471,Point,13,D13,COMO,NA,0,1038.329174,1018,0.104656545
188,-105.557474,40.042194,188,472,Point,13,D13,COMO,NA,0,1038.329174,1018,0.069116682
189,-105.557484,40.042064,189,473,Point,13,D13,COMO,NA,0,1038.329174,1018,0.055488288
190,-105.557343,40.041966,190,474,Point,13,D13,COMO,NA,0,1038.329174,1018,0.06238436
191,-105.557342,40.041891,191,475,Point,13,D13,COMO,NA,0,1038.329174,1018,0.089090792
192,-105.557288,40.041771,192,476,Point,13,D13,COMO,NA,0,1038.329174,1018,0.096595489
193,-105.557352,40.041687,193,477,Point,13,D13,COMO,NA,0,1038.329174,1018,0.114411259
194,-105.557234,40.041591,194,478,Point,13,D13,COMO,NA,0,1038.329174,1018,0.10808955
195,-105.557189,40.041464,195,479,Point,13,D13,COMO,NA,0,1038.329174,1018,0.098523953
196,-105.557209,40.041372,196,480,Point,13,D13,COMO,NA,0,1038.329174,1018,0.062071892
197,-105.55721,40.041263,197,481,Point,13,D13,COMO,NA,0,1038.329174,1018,0.03864035
198,-105.557219,40.041185,198,482,Point,13,D13,COMO,NA,0,1038.329174,1018,0.076404812
199,-105.557079,40.041185,199,483,Point,13,D13,COMO,NA,0,1038.329174,1018,0.114580466
200,-105.556996,40.041044,200,484,Point,13,D13,COMO,NA,0,1038.329174,1018,0.152917141
201,-105.556983,40.040921,201,485,Point,13,D13,COMO,NA,0,1038.329174,1018,0.124843812
202,-105.556885,40.040797,202,486,Point,13,D13,COMO,NA,0,1038.329174,1018,0.13601274
203,-105.556903,40.040667,203,487,Point,13,D13,COMO,NA,0,1038.329174,1018,0.113939414
204,-105.556784,40.040605,204,488,Point,13,D13,COMO,NA,0,1038.329174,1018,0.116449698
205,-105.55666,40.040572,205,489,Point,13,D13,COMO,NA,0,1038.329174,1018,0.125449989
206,-105.556524,40.040501,206,490,Point,13,D13,COMO,NA,0,1038.329174,1018,0.167531515
207,-105.556443,40.040519,207,491,Point,13,D13,COMO,NA,0,1038.329174,1018,0.161625992
208,-105.556423,40.040402,208,492,Point,13,D13,COMO,NA,0,1038.329174,1018,0.133008554
209,-105.556562,40.040343,209,493,Point,13,D13,COMO,NA,0,1038.329174,1018,0.145448116
210,-105.556431,40.040235,210,494,Point,13,D13,COMO,NA,0,1038.329174,1018,0.123759024
211,-105.55642,40.040119,211,495,Point,13,D13,COMO,NA,0,1038.329174,1018,0.175263926
212,-105.556377,40.039985,212,496,Point,13,D13,COMO,NA,0,1038.329174,1018,0.107637465
213,-105.556261,40.039899,213,497,Point,13,D13,COMO,NA,0,1038.329174,1018,0.102757097
214,-105.556262,40.039851,214,498,Point,13,D13,COMO,NA,0,1038.329174,1018,0.026242002
215,-105.556163,40.039765,215,499,Point,13,D13,COMO,NA,0,1038.329174,1018,0.025107387
216,-105.556001,40.039719,216,500,Point,13,D13,COMO,NA,0,1038.329174,1018,0.030709719
217,-105.555829,40.039756,217,501,Point,13,D13,COMO,NA,0,1038.329174,1018,0.059536758
218,-105.555652,40.039712,218,502,Point,13,D13,COMO,NA,0,1038.329174,1018,0.062301837
219,-105.555614,40.039821,219,503,Point,13,D13,COMO,NA,0,1038.329174,1018,0.059541674
220,-105.555463,40.039857,220,504,Point,13,D13,COMO,NA,0,1038.329174,1018,0.028405603
221,-105.555319,40.039788,221,505,Point,13,D13,COMO,NA,0,1038.329174,1018,0.019599811
222,-105.555156,40.039706,222,506,Point,13,D13,COMO,NA,0,1038.329174,1018,0.009582313
223,-105.555037,40.039642,223,507,Point,13,D13,COMO,NA,0,1038.329174,1018,0.003050402
224,-105.555006,40.039493,224,508,Point,13,D13,COMO,NA,0,1038.329174,1018,0.007747132
225,-105.554897,40.039348,225,509,Point,13,D13,COMO,NA,0,1038.329174,1018,0.01963056
226,-105.5548,40.039204,226,510,Point,13,D13,COMO,NA,0,1038.329174,1018,0.02136821
227,-105.554733,40.039053,227,511,Point,13,D13,COMO,NA,0,1038.329174,1018,0.024999672
228,-105.554675,40.038911,228,512,Point,13,D13,COMO,NA,0,1038.329174,1018,0.017586965
229,-105.554817,40.038872,229,513,Point,13,D13,COMO,NA,0,1038.329174,1018,0.026559085
230,-105.554949,40.038755,230,514,Point,13,D13,COMO,NA,0,1038.329174,1018,0.032429341
231,-105.554996,40.038616,231,515,Point,13,D13,COMO,NA,0,1038.329174,1018,0.05064937
232,-105.554993,40.038518,232,516,Point,13,D13,COMO,NA,0,1038.329174,1018,0.043882563
233,-105.554958,40.038383,233,517,Point,13,D13,COMO,NA,0,1038.329174,1018,0.032882915
234,-105.554968,40.038229,234,518,Point,13,D13,COMO,NA,0,1038.329174,1018,0.013390966
235,-105.554968,40.038229,289,573,Point,15,D13,COMO,NA,0,290.834946,1018,0.014194481
236,-105.554894,40.038096,290,574,Point,15,D13,COMO,NA,0,290.834946,1018,0.161137944
237,-105.554879,40.037955,291,575,Point,15,D13,COMO,NA,0,290.834946,1018,0.179819289
238,-105.554851,40.037849,292,576,Point,15,D13,COMO,NA,0,290.834946,1018,0.224690919
239,-105.554906,40.037725,293,577,Point,15,D13,COMO,NA,0,290.834946,1018,0.07360661
240,-105.554885,40.037563,294,578,Point,15,D13,COMO,NA,0,290.834946,1018,0.05263559
241,-105.554845,40.037434,295,579,Point,15,D13,COMO,NA,0,290.834946,1018,0.002769431
242,-105.55473,40.037332,296,580,Point,15,D13,COMO,NA,0,290.834946,1018,0.004229474
243,-105.554714,40.037195,297,581,Point,15,D13,COMO,NA,0,290.834946,1018,0.004329218
244,-105.554643,40.037068,298,582,Point,15,D13,COMO,NA,0,290.834946,1018,0.004407984
245,-105.554548,40.036952,299,583,Point,15,D13,COMO,NA,0,290.834946,1018,0.005058642
246,-105.554423,40.036839,300,584,Point,15,D13,COMO,NA,0,290.834946,1018,0.006344214
247,-105.554357,40.0367,301,585,Point,15,D13,COMO,NA,0,290.834946,1018,0.007490001
248,-105.554344,40.036582,302,586,Point,15,D13,COMO,NA,0,290.834946,1018,0.00793102
249,-105.554286,40.036442,303,587,Point,15,D13,COMO,NA,0,290.834946,1018,0.008641435
250,-105.554238,40.036367,304,588,Point,15,D13,COMO,NA,0,290.834946,1018,0.010776135
251,-105.554238,40.036367,323,607,Point,17,D13,COMO,NA,0,119.869632,1018,0.010354068
252,-105.554263,40.036235,324,608,Point,17,D13,COMO,NA,0,119.869632,1018,0.008536821
253,-105.554261,40.036145,325,609,Point,17,D13,COMO,NA,0,119.869632,1018,0.009588749
254,-105.554231,40.036001,326,610,Point,17,D13,COMO,NA,0,119.869632,1018,0.007837526
255,-105.554151,40.035859,327,611,Point,17,D13,COMO,NA,0,119.869632,1018,0.006508533
256,-105.554031,40.035742,328,612,Point,17,D13,COMO,NA,0,119.869632,1018,0.009667995
257,-105.553959,40.035666,329,613,Point,17,D13,COMO,NA,0,119.869632,1018,0.017428234
258,-105.575528,40.042462,235,519,Point,14,D13,COMO,NA,0,1057.930827,1015,0.044744923
259,-105.575516,40.042322,236,520,Point,14,D13,COMO,NA,0,1057.930827,1015,0.044697659
260,-105.57534,40.042254,237,521,Point,14,D13,COMO,NA,0,1057.930827,1015,0.040772002
261,-105.575185,40.042194,238,522,Point,14,D13,COMO,NA,0,1057.930827,1015,0.016892962
262,-105.575123,40.042078,239,523,Point,14,D13,COMO,NA,0,1057.930827,1015,0.013798882
263,-105.574964,40.041971,240,524,Point,14,D13,COMO,NA,0,1057.930827,1015,0.016276971
264,-105.574873,40.041835,241,525,Point,14,D13,COMO,NA,0,1057.930827,1015,0.017814794
265,-105.574695,40.041797,242,526,Point,14,D13,COMO,NA,0,1057.930827,1015,0.019230954
266,-105.574585,40.041827,243,527,Point,14,D13,COMO,NA,0,1057.930827,1015,0.018984422
267,-105.574423,40.04179,244,528,Point,14,D13,COMO,NA,0,1057.930827,1015,0.021435149
268,-105.574278,40.041847,245,529,Point,14,D13,COMO,NA,0,1057.930827,1015,0.021142566
269,-105.574105,40.041816,246,530,Point,14,D13,COMO,NA,0,1057.930827,1015,0.024180502
270,-105.573976,40.041736,247,531,Point,14,D13,COMO,NA,0,1057.930827,1015,0.034193383
271,-105.573892,40.041607,248,532,Point,14,D13,COMO,NA,0,1057.930827,1015,0.033328482
272,-105.57387,40.041467,249,533,Point,14,D13,COMO,NA,0,1057.930827,1015,0.055135015
273,-105.573997,40.041378,250,534,Point,14,D13,COMO,NA,0,1057.930827,1015,0.0826774
274,-105.573992,40.041275,251,535,Point,14,D13,COMO,NA,0,1057.930827,1015,0.111155057
275,-105.573916,40.041191,252,536,Point,14,D13,COMO,NA,0,1057.930827,1015,0.128585502
276,-105.57387,40.041048,253,537,Point,14,D13,COMO,NA,0,1057.930827,1015,0.157229426
277,-105.573698,40.041035,254,538,Point,14,D13,COMO,NA,0,1057.930827,1015,0.23919926
278,-105.573574,40.041141,255,539,Point,14,D13,COMO,NA,0,1057.930827,1015,0.203099044
279,-105.57341,40.041089,256,540,Point,14,D13,COMO,NA,0,1057.930827,1015,0.167455876
280,-105.573256,40.041133,257,541,Point,14,D13,COMO,NA,0,1057.930827,1015,0.079210607
281,-105.573099,40.041112,258,542,Point,14,D13,COMO,NA,0,1057.930827,1015,0.186339705
282,-105.572943,40.041111,259,543,Point,14,D13,COMO,NA,0,1057.930827,1015,0.20582651
283,-105.572799,40.041062,260,544,Point,14,D13,COMO,NA,0,1057.930827,1015,0.23661835
284,-105.572864,40.040984,261,545,Point,14,D13,COMO,NA,0,1057.930827,1015,0.159782562
285,-105.572792,40.040865,262,546,Point,14,D13,COMO,NA,0,1057.930827,1015,0.117279577
286,-105.572603,40.040866,263,547,Point,14,D13,COMO,NA,0,1057.930827,1015,0.079433717
287,-105.572599,40.040727,264,548,Point,14,D13,COMO,NA,0,1057.930827,1015,0.079537243
288,-105.572613,40.040612,265,549,Point,14,D13,COMO,NA,0,1057.930827,1015,0.080079216
289,-105.572455,40.040538,266,550,Point,14,D13,COMO,NA,0,1057.930827,1015,0.068250362
290,-105.57236,40.040658,267,551,Point,14,D13,COMO,NA,0,1057.930827,1015,0.029323575
291,-105.57226,40.040745,268,552,Point,14,D13,COMO,NA,0,1057.930827,1015,0.01710422
292,-105.572162,40.04072,269,553,Point,14,D13,COMO,NA,0,1057.930827,1015,0.080442235
293,-105.572044,40.040614,270,554,Point,14,D13,COMO,NA,0,1057.930827,1015,0.13748719
294,-105.571968,40.04055,271,555,Point,14,D13,COMO,NA,0,1057.930827,1015,0.16588743
295,-105.571819,40.040517,272,556,Point,14,D13,COMO,NA,0,1057.930827,1015,0.112116771
296,-105.571639,40.040454,273,557,Point,14,D13,COMO,NA,0,1057.930827,1015,0.063948166
297,-105.571499,40.04038,274,558,Point,14,D13,COMO,NA,0,1057.930827,1015,0.068107926
298,-105.571301,40.040369,275,559,Point,14,D13,COMO,NA,0,1057.930827,1015,0.128337372
299,-105.571195,40.040269,276,560,Point,14,D13,COMO,NA,0,1057.930827,1015,0.168352599
300,-105.571131,40.040234,277,561,Point,14,D13,COMO,NA,0,1057.930827,1015,0.178106525
301,-105.571074,40.040364,278,562,Point,14,D13,COMO,NA,0,1057.930827,1015,0.122597756
302,-105.570906,40.040348,279,563,Point,14,D13,COMO,NA,0,1057.930827,1015,0.085900534
303,-105.570759,40.040346,280,564,Point,14,D13,COMO,NA,0,1057.930827,1015,0.088770356
304,-105.570636,40.040365,281,565,Point,14,D13,COMO,NA,0,1057.930827,1015,0.082022825
305,-105.570471,40.040356,282,566,Point,14,D13,COMO,NA,0,1057.930827,1015,0.08627584
306,-105.570327,40.040264,283,567,Point,14,D13,COMO,NA,0,1057.930827,1015,0.050623969
307,-105.570161,40.040235,284,568,Point,14,D13,COMO,NA,0,1057.930827,1015,0.069509314
308,-105.570132,40.040113,285,569,Point,14,D13,COMO,NA,0,1057.930827,1015,0.06411768
309,-105.570023,40.039962,286,570,Point,14,D13,COMO,NA,0,1057.930827,1015,0.085717916
310,-105.569972,40.039813,287,571,Point,14,D13,COMO,NA,0,1057.930827,1015,0.082488956
311,-105.569815,40.039725,288,572,Point,14,D13,COMO,NA,0,1057.930827,1015,0.067798116
312,-105.551454,40.034173,305,589,Point,16,D13,COMO,NA,0,327.822331,1017,0.034885679
313,-105.55131,40.034095,306,590,Point,16,D13,COMO,NA,0,327.822331,1017,0.005157299
314,-105.551149,40.034067,307,591,Point,16,D13,COMO,NA,0,327.822331,1017,0.016174702
315,-105.550999,40.03398,308,592,Point,16,D13,COMO,NA,0,327.822331,1017,0.015989679
316,-105.550864,40.034003,309,593,Point,16,D13,COMO,NA,0,327.822331,1017,0.026846826
317,-105.550722,40.033907,310,594,Point,16,D13,COMO,NA,0,327.822331,1017,0.020195438
318,-105.550565,40.033964,311,595,Point,16,D13,COMO,NA,0,327.822331,1017,0.020580795
319,-105.550398,40.034025,312,596,Point,16,D13,COMO,NA,0,327.822331,1017,0.011267554
320,-105.550195,40.034035,313,597,Point,16,D13,COMO,NA,0,327.822331,1017,0.010422743
321,-105.550003,40.03409,314,598,Point,16,D13,COMO,NA,0,327.822331,1017,0.018261816
322,-105.549811,40.034117,315,599,Point,16,D13,COMO,NA,0,327.822331,1017,0.017141717
323,-105.549731,40.034159,316,600,Point,16,D13,COMO,NA,0,327.822331,1017,0.070918036
324,-105.549593,40.034209,317,601,Point,16,D13,COMO,NA,0,327.822331,1017,0.086108977
325,-105.549432,40.03427,318,602,Point,16,D13,COMO,NA,0,327.822331,1017,0.097933457
326,-105.549326,40.034298,319,603,Point,16,D13,COMO,NA,0,327.822331,1017,0.042954404
327,-105.549299,40.034393,320,604,Point,16,D13,COMO,NA,0,327.822331,1017,0.026658157
328,-105.549143,40.034487,321,605,Point,16,D13,COMO,NA,0,327.822331,1017,0.029148818
329,-105.549082,40.034556,322,606,Point,16,D13,COMO,NA,0,327.822331,1017,0.080021231
330,-105.55568,40.036566,330,82,Point,4,D13,COMO,NA,0,1762.790324,1020,0.08581149
331,-105.555584,40.036521,331,83,Point,0,D13,COMO,NA,0,2899.690984,1020,0.085833561
332,-105.555406,40.036465,332,84,Point,0,D13,COMO,NA,0,2899.690984,1020,0.05747322
333,-105.555232,40.036385,333,85,Point,0,D13,COMO,NA,0,2899.690984,1020,0.057231046
334,-105.555208,40.036233,334,86,Point,0,D13,COMO,NA,0,2899.690984,1020,0.059698076
335,-105.555042,40.036133,335,87,Point,0,D13,COMO,NA,0,2899.690984,1020,0.069345468
336,-105.55487,40.036046,336,88,Point,0,D13,COMO,NA,0,2899.690984,1020,0.093005391
337,-105.55467,40.035983,337,89,Point,0,D13,COMO,NA,0,2899.690984,1020,0.081020338
338,-105.554466,40.035927,338,90,Point,0,D13,COMO,NA,0,2899.690984,1020,0.055651955
339,-105.554313,40.035864,339,91,Point,0,D13,COMO,NA,0,2899.690984,1020,0.042321115
340,-105.554244,40.035713,340,92,Point,0,D13,COMO,NA,0,2899.690984,1020,0.035815301
341,-105.554118,40.035697,341,93,Point,0,D13,COMO,NA,0,2899.690984,1020,0.034409828
342,-105.553959,40.035666,342,94,Point,0,D13,COMO,NA,0,119.869632,1020,0.017447855
343,-105.553959,40.035666,342,94,Point,0,D13,COMO,NA,0,119.869632,1021,0.017447855
344,-105.553954,40.035666,343,95,Point,0,D13,COMO,NA,0,2899.690984,1021,0.029217788
345,-105.553862,40.035558,344,96,Point,0,D13,COMO,NA,0,2899.690984,1021,0.035538739
346,-105.553687,40.035458,345,97,Point,0,D13,COMO,NA,0,2899.690984,1021,0.036657478
347,-105.553497,40.035448,346,98,Point,0,D13,COMO,NA,0,2899.690984,1021,0.029592493
348,-105.553393,40.035405,347,99,Point,0,D13,COMO,NA,0,2899.690984,1021,0.035481661
349,-105.553213,40.035402,348,100,Point,0,D13,COMO,NA,0,2899.690984,1021,0.061638519
350,-105.553075,40.035307,349,101,Point,0,D13,COMO,NA,0,2899.690984,1021,0.063207081
351,-105.552887,40.035277,350,102,Point,0,D13,COMO,NA,0,2899.690984,1021,0.047009446
352,-105.552723,40.035198,351,103,Point,0,D13,COMO,NA,0,2899.690984,1021,0.018525548
353,-105.552605,40.035126,352,104,Point,0,D13,COMO,NA,0,2899.690984,1021,0.020771494
354,-105.552428,40.035118,353,105,Point,0,D13,COMO,NA,0,2899.690984,1021,0.03289052
355,-105.552298,40.035001,354,106,Point,0,D13,COMO,NA,0,2899.690984,1021,0.032895367
356,-105.5521,40.034965,355,107,Point,0,D13,COMO,NA,0,2899.690984,1021,0.043476578
357,-105.551929,40.034872,356,108,Point,0,D13,COMO,NA,0,2899.690984,1021,0.048109032
358,-105.551744,40.034884,357,109,Point,0,D13,COMO,NA,0,2899.690984,1021,0.056486415
359,-105.551567,40.034839,358,110,Point,0,D13,COMO,NA,0,2899.690984,1021,0.056202486
360,-105.551403,40.034774,359,111,Point,0,D13,COMO,NA,0,2899.690984,1021,0.075073179
361,-105.551262,40.034712,360,112,Point,0,D13,COMO,NA,0,2899.690984,1021,0.081634609
362,-105.551072,40.034658,361,113,Point,0,D13,COMO,NA,0,2899.690984,1021,0.095727764
363,-105.55088,40.034615,362,114,Point,0,D13,COMO,NA,0,2899.690984,1021,0.067007768
364,-105.550706,40.034588,363,115,Point,0,D13,COMO,NA,0,2899.690984,1021,0.057402787
365,-105.55052,40.034652,364,116,Point,0,D13,COMO,NA,0,2899.690984,1021,0.024427583
366,-105.550317,40.034607,365,117,Point,0,D13,COMO,NA,0,2899.690984,1021,0.021956727
367,-105.550128,40.034589,366,118,Point,0,D13,COMO,NA,0,2899.690984,1021,0.046771896
368,-105.549932,40.034571,367,119,Point,0,D13,COMO,NA,0,2899.690984,1021,0.057599137
369,-105.54985,40.03459,368,120,Point,0,D13,COMO,NA,0,2899.690984,1021,0.017599137
370,-105.54985,40.03459,368,120,Point,5,D14,COMO,NA,0,160.412588,1022,0.060559631
371,-105.549737,40.034603,369,121,Point,0,D13,COMO,NA,0,2899.690984,1022,0.037991243
372,-105.549546,40.034573,370,122,Point,0,D13,COMO,NA,0,2899.690984,1022,0.040341623
373,-105.54937,40.034525,371,123,Point,0,D13,COMO,NA,0,2899.690984,1022,0.038022129
374,-105.549157,40.034546,372,124,Point,0,D13,COMO,NA,0,2899.690984,1022,0.040289105
375,-105.549082,40.034556,372,124,Point,0,D13,COMO,NA,0,2899.690984,1022,0.010289105
376,-105.549082,40.034556,373,125,Point,16,D13,COMO,NA,0,327.822331,1019,0.065965026
377,-105.548932,40.034565,374,126,Point,0,D13,COMO,NA,0,2899.690984,1019,0.094438576
378,-105.548732,40.034574,375,127,Point,0,D13,COMO,NA,0,2899.690984,1019,0.096386749
379,-105.548522,40.034602,376,128,Point,0,D13,COMO,NA,0,2899.690984,1019,0.06823903
380,-105.548314,40.034602,377,129,Point,0,D13,COMO,NA,0,2899.690984,1019,0.067612731
381,-105.548161,40.034666,378,130,Point,0,D13,COMO,NA,0,2899.690984,1019,0.087165241
382,-105.547963,40.034661,379,131,Point,0,D13,COMO,NA,0,2899.690984,1019,0.086021896
383,-105.547755,40.034676,380,132,Point,0,D13,COMO,NA,0,2899.690984,1019,0.052664014
384,-105.547567,40.034731,381,133,Point,0,D13,COMO,NA,0,2899.690984,1019,0.04035714
385,-105.547377,40.03472,382,134,Point,0,D13,COMO,NA,0,2899.690984,1019,0.057321939
386,-105.547176,40.034713,383,135,Point,0,D13,COMO,NA,0,2899.690984,1019,0.096145834
387,-105.547075,40.034858,384,136,Point,0,D13,COMO,NA,0,2899.690984,1019,0.085413345
388,-105.546897,40.034786,385,137,Point,0,D13,COMO,NA,0,2899.690984,1019,0.071234389
389,-105.546728,40.034781,386,138,Point,0,D13,COMO,NA,0,2899.690984,1019,0.0643842
390,-105.546518,40.03479,387,139,Point,0,D13,COMO,NA,0,2899.690984,1019,0.03455345
391,-105.546316,40.034833,388,140,Point,0,D13,COMO,NA,0,2899.690984,1019,0.05683531
392,-105.546156,40.034915,389,141,Point,0,D13,COMO,NA,0,2899.690984,1019,0.02145685
393,-105.545963,40.034924,390,142,Point,0,D13,COMO,NA,0,2899.690984,1019,0.03142537
394,-105.545751,40.034948,391,143,Point,0,D13,COMO,NA,0,2899.690984,1019,0.03245538
395,-105.545612,40.035037,392,144,Point,0,D13,COMO,NA,0,2899.690984,1019,0.03867533
396,-105.545414,40.035016,393,145,Point,0,D13,COMO,NA,0,2899.690984,1019,0.04593338
397,-105.545209,40.035034,394,146,Point,0,D13,COMO,NA,0,2899.690984,1019,0.05689339
398,-105.544999,40.035008,395,147,Point,0,D13,COMO,NA,0,2899.690984,1019,0.087614699
399,-105.54479,40.034965,396,148,Point,0,D13,COMO,NA,0,2899.690984,1019,0.070228211
400,-105.544584,40.034945,397,149,Point,0,D13,COMO,NA,0,2899.690984,1019,0.113456656
401,-105.544387,40.034955,398,150,Point,0,D13,COMO,NA,0,2899.690984,1019,0.113456656