"coords.x1","coords.x2","Permanent_Identifier","X.1","X","OBJECTID","Shape","ORIG_FID","DomainNum","SiteID","Source","Length","Shape_Leng","slope","row_count","Q_multiplier"
-105.569815,40.039725,1001,1,1,1,"Point",0,"D13","COMO",NA,0,2899.690984,0.101368505,1,0.0352117797893349
-105.569672,40.039641,1001,2,2,2,"Point",0,"D13","COMO",NA,0,2899.690984,0.101368505,2,0.0394529661897735
-105.569493,40.039583,1001,3,3,3,"Point",0,"D13","COMO",NA,0,2899.690984,0.073002036,3,0.0440305740502097
-105.569343,40.039495,1001,4,4,4,"Point",0,"D13","COMO",NA,0,2899.690984,0.045867624,4,0.0484772947277632
-105.569162,40.039519,1001,5,5,5,"Point",0,"D13","COMO",NA,0,2899.690984,0.040645487,5,0.0528055505025726
-105.568975,40.039554,1001,6,6,6,"Point",0,"D13","COMO",NA,0,2899.690984,0.058296878,6,0.0573409581825799
-105.568781,40.039556,1001,7,7,7,"Point",0,"D13","COMO",NA,0,2899.690984,0.085635512,7,0.0619129640311892
-105.568678,40.039435,1001,8,8,8,"Point",0,"D13","COMO",NA,0,2899.690984,0.070459412,8,0.0663461346717916
-105.568539,40.039439,1001,9,9,9,"Point",0,"D13","COMO",NA,0,2899.690984,0.052245381,9,0.0696239592009422
-105.568401,40.039524,1001,10,10,10,"Point",0,"D13","COMO",NA,0,2899.690984,0.011779532,10,0.0737912573083643
-105.568224,40.039575,1001,11,11,11,"Point",0,"D13","COMO",NA,0,2899.690984,0.016152865,11,0.078245689867629
-105.568048,40.039657,1001,12,12,12,"Point",0,"D13","COMO",NA,0,2899.690984,0.029954704,12,0.0830955674412424
-105.567854,40.03963,1001,13,13,13,"Point",0,"D13","COMO",NA,0,2899.690984,0.055233227,13,0.0877414951894452
-105.567664,40.03964,1001,14,14,14,"Point",0,"D13","COMO",NA,0,2899.690984,0.074413354,14,0.0922293093840748
-105.567485,40.039713,1001,15,15,15,"Point",0,"D13","COMO",NA,0,2899.690984,0.083951389,15,0.0970043963062211
-105.567295,40.039704,1001,16,16,16,"Point",0,"D13","COMO",NA,0,2899.690984,0.096655409,16,0.101490215542158
-105.567094,40.039732,1001,17,17,17,"Point",0,"D13","COMO",NA,0,2899.690984,0.089219891,17,0.106303915638131
-105.566884,40.039687,1001,18,18,18,"Point",0,"D13","COMO",NA,0,2899.690984,0.123983284,18,0.111441254788807
-105.566698,40.039637,1001,19,19,19,"Point",0,"D13","COMO",NA,0,2899.690984,0.148103367,19,0.116084653881564
-105.566504,40.039589,1001,20,20,20,"Point",0,"D13","COMO",NA,0,2899.690984,0.165804414,20,0.120887265561127
-105.566317,40.039537,1001,21,21,21,"Point",0,"D13","COMO",NA,0,2899.690984,0.1202971,21,0.125573424820136
-105.56612,40.039481,1001,22,22,22,"Point",0,"D13","COMO",NA,0,2899.690984,0.100269482,22,0.130523026018177
-105.565925,40.039499,1001,23,23,23,"Point",0,"D13","COMO",NA,0,2899.690984,0.139924404,23,0.135151208628606
-105.565732,40.039441,1001,24,24,24,"Point",0,"D13","COMO",NA,0,2899.690984,0.198262203,24,0.140034507267017
-105.565575,40.039344,1001,25,25,25,"Point",0,"D13","COMO",NA,0,2899.690984,0.18977878,25,0.144781268881066
-105.56545,40.039226,1001,26,26,26,"Point",0,"D13","COMO",NA,0,2899.690984,0.142415222,26,0.149446515922787
-105.565253,40.039211,1001,27,27,27,"Point",0,"D13","COMO",NA,0,2899.690984,0.074260591,27,0.154111550846321
-105.565103,40.039105,1001,28,28,28,"Point",0,"D13","COMO",NA,0,2899.690984,0.051839615,28,0.158913191758539
-105.564925,40.039013,1001,29,29,29,"Point",0,"D13","COMO",NA,0,2899.690984,0.047318001,29,0.163967918230583
-105.564736,40.038959,1001,30,30,30,"Point",0,"D13","COMO",NA,0,2899.690984,0.061919358,30,0.168719473841371
-105.564555,40.038903,1001,31,31,31,"Point",0,"D13","COMO",NA,0,2899.690984,0.06092144,31,0.173317339267674
-105.564389,40.038852,1001,32,32,32,"Point",0,"D13","COMO",NA,0,2899.690984,0.042145756,32,0.177530070128113
-105.564221,40.038771,1001,33,33,33,"Point",0,"D13","COMO",NA,0,2899.690984,0.039358643,33,0.182203427578659
-105.564062,40.03867,1001,34,34,34,"Point",0,"D13","COMO",NA,0,2899.690984,0.067136046,34,0.18706423116416
-105.56388,40.038663,1001,35,35,35,"Point",0,"D13","COMO",NA,0,2899.690984,0.094991281,35,0.191358468480394
-105.563695,40.038676,1001,36,36,36,"Point",0,"D13","COMO",NA,0,2899.690984,0.111069045,36,0.195736215985991
-105.563533,40.038592,1001,37,37,37,"Point",0,"D13","COMO",NA,0,2899.690984,0.086864885,37,0.20034122300335
-105.563323,40.038601,1001,38,38,38,"Point",0,"D13","COMO",NA,0,2899.690984,0.072185967,38,0.205297612196914
-105.563204,40.038482,1001,39,39,39,"Point",0,"D13","COMO",NA,0,2899.690984,0.057513604,39,0.209899187032881
-105.563024,40.038436,1001,40,40,40,"Point",0,"D13","COMO",NA,0,2899.690984,0.061132811,40,0.214369242977743
-105.562834,40.038367,1001,41,41,41,"Point",0,"D13","COMO",NA,0,2899.690984,0.074867122,41,0.219321241289157
-105.562643,40.038335,1001,42,42,42,"Point",0,"D13","COMO",NA,0,2899.690984,0.081589154,42,0.223927901381123
-105.562465,40.03828,1001,43,43,43,"Point",0,"D13","COMO",NA,0,2899.690984,0.077195162,43,0.22844877269141
-105.562296,40.038197,1001,44,44,44,"Point",0,"D13","COMO",NA,0,2899.690984,0.110113296,44,0.233174868168471
-105.56213,40.038087,1001,45,45,45,"Point",0,"D13","COMO",NA,0,2899.690984,0.157404511,45,0.238339747299114
-105.56195,40.038035,1001,46,46,46,"Point",0,"D13","COMO",NA,0,2899.690984,0.16325474,46,0.242871225789692
-105.561792,40.037937,1001,47,47,47,"Point",0,"D13","COMO",NA,0,2899.690984,0.133600446,47,0.247655629898638
-105.561592,40.037909,1001,48,48,48,"Point",0,"D13","COMO",NA,0,2899.690984,0.064695284,48,0.252446266240977
-105.561422,40.037834,1001,49,49,49,"Point",0,"D13","COMO",NA,0,2899.690984,0.042373489,49,0.257065391038454
-105.561251,40.037758,1001,50,50,50,"Point",0,"D13","COMO",NA,0,2899.690984,0.056223982,50,0.261720243333065
-105.561068,40.037681,1001,51,51,51,"Point",0,"D13","COMO",NA,0,2899.690984,0.085975934,51,0.266636599910322
-105.56089,40.037608,1001,52,52,52,"Point",0,"D13","COMO",NA,0,2899.690984,0.10353393,52,0.271390992904201
-105.5607,40.037627,1001,53,53,53,"Point",0,"D13","COMO",NA,0,2899.690984,0.08756549,53,0.27590618765435
-105.560501,40.037604,1001,54,54,54,"Point",0,"D13","COMO",NA,0,2899.690984,0.10284525,54,0.280648458250102
-105.560322,40.037643,1001,55,55,55,"Point",0,"D13","COMO",NA,0,2899.690984,0.091262898,55,0.285032885813787
-105.560137,40.037618,1001,56,56,56,"Point",0,"D13","COMO",NA,0,2899.690984,0.108188365,56,0.289459381647545
-105.559989,40.037543,1001,57,57,57,"Point",0,"D13","COMO",NA,0,2899.690984,0.074870626,57,0.293636857970448
-105.559827,40.037472,1001,58,58,58,"Point",0,"D13","COMO",NA,0,2899.690984,0.114537324,58,0.29803146556664
-105.559635,40.037479,1001,59,59,59,"Point",0,"D13","COMO",NA,0,2899.690984,0.071704479,59,0.302561154614718
-105.559431,40.037447,1001,60,60,60,"Point",0,"D13","COMO",NA,0,2899.690984,0.070653539,60,0.307467630995361
-105.559232,40.037423,1001,61,61,61,"Point",0,"D13","COMO",NA,0,2899.690984,0.056917357,61,0.312214569355319
-105.559063,40.037354,1001,62,62,62,"Point",0,"D13","COMO",NA,0,2899.690984,0.107599871,62,0.316724133177282
-105.558877,40.03735,1001,63,63,63,"Point",0,"D13","COMO",NA,0,2899.690984,0.115841651,63,0.321109064715445
-105.558681,40.037381,1001,64,64,64,"Point",0,"D13","COMO",NA,0,2899.690984,0.091629085,64,0.32582470554445
-105.558495,40.037366,1001,65,65,65,"Point",0,"D13","COMO",NA,0,2899.690984,0.052153404,65,0.330231979213037
-105.55834,40.037318,1001,66,66,66,"Point",0,"D13","COMO",NA,0,2899.690984,0.053939764,66,0.33416996246486
-105.558147,40.037271,1001,67,67,67,"Point",0,"D13","COMO",NA,0,2899.690984,0.081651727,67,0.338940945654176
-105.557925,40.037284,1001,68,68,68,"Point",0,"D13","COMO",NA,0,2899.690984,0.130402419,68,0.344187692070479
-105.55772,40.037303,1001,69,69,69,"Point",0,"D13","COMO",NA,0,2899.690984,0.185324893,69,0.349053653003505
-105.557505,40.037285,1001,70,70,70,"Point",0,"D13","COMO",NA,0,2899.690984,0.192741794,70,0.354150243493588
-105.55731,40.03731,1001,71,71,71,"Point",0,"D13","COMO",NA,0,2899.690984,0.168896018,71,0.358809036283574
-105.557146,40.037389,1001,72,72,72,"Point",0,"D13","COMO",NA,0,2899.690984,0.11767051,72,0.363370029632142
-105.556982,40.037282,1001,73,73,73,"Point",0,"D13","COMO",NA,0,2899.690984,0.127416318,73,0.368439339619658
-105.556796,40.037266,1001,74,74,74,"Point",0,"D13","COMO",NA,0,2899.690984,0.096434295,74,0.372849924086931
-105.556653,40.037165,1001,75,75,75,"Point",0,"D13","COMO",NA,0,2899.690984,0.075343935,75,0.377426451614446
-105.556489,40.037058,1001,76,76,76,"Point",0,"D13","COMO",NA,0,2899.690984,0.028437864,76,0.382495771160265
-105.556357,40.036993,1001,77,77,77,"Point",0,"D13","COMO",NA,0,2899.690984,0.034175041,77,0.386190040815579
-105.556224,40.036873,1001,78,78,78,"Point",0,"D13","COMO",NA,0,2899.690984,0.053262307,78,0.391023131749037
-105.556013,40.036866,1001,79,79,79,"Point",0,"D13","COMO",NA,0,2899.690984,0.116843112,79,0.396000154260998
-105.555831,40.036781,1001,80,80,80,"Point",0,"D13","COMO",NA,0,2899.690984,0.138431306,80,0.401018770986592
-105.555727,40.036634,1001,81,81,81,"Point",0,"D13","COMO",NA,0,2899.690984,0.165721754,81,0.406148874951945
-105.55568,40.036566,1001,82,82,82,"Point",4,"D13","COMO",NA,0,1762.790324,0.135443212,82,0.408509612903561
-105.564924,40.037244,1005,83,83,151,"Point",4,"D13","COMO",NA,0,1762.790324,0.110434184,83,0.0259488101736022
-105.564874,40.037325,1005,84,84,152,"Point",4,"D13","COMO",NA,0,1762.790324,0.071648673,84,0.0261715715850551
-105.564741,40.037362,1005,85,85,153,"Point",4,"D13","COMO",NA,0,1762.790324,0.074492779,85,0.0264417024944708
-105.564673,40.037443,1005,86,86,154,"Point",4,"D13","COMO",NA,0,1762.790324,0.06519119,86,0.0266812222780056
-105.564476,40.037442,1005,87,87,155,"Point",4,"D13","COMO",NA,0,1762.790324,0.084987114,87,0.0270574649493205
-105.56436,40.037416,1005,88,88,156,"Point",4,"D13","COMO",NA,0,1762.790324,0.055389344,88,0.027288230721877
-105.564361,40.037282,1005,89,89,157,"Point",4,"D13","COMO",NA,0,1762.790324,0.083728815,89,0.0276211786357249
-105.56426,40.037161,1005,90,90,158,"Point",4,"D13","COMO",NA,0,1762.790324,0.050724402,90,0.0279783804256184
-105.564182,40.037059,1005,91,91,159,"Point",4,"D13","COMO",NA,0,1762.790324,0.04455707,91,0.0282723527835354
-105.564041,40.036961,1005,92,92,160,"Point",4,"D13","COMO",NA,0,1762.790324,0.045888671,92,0.0286354023769572
-105.56393,40.037011,1005,93,93,161,"Point",4,"D13","COMO",NA,0,1762.790324,0.105158668,93,0.0288811135917795
-105.563873,40.037141,1005,94,94,162,"Point",4,"D13","COMO",NA,0,1762.790324,0.114822757,94,0.0292219684677807
-105.563725,40.03725,1005,95,95,163,"Point",4,"D13","COMO",NA,0,1762.790324,0.091490131,95,0.0296134277297849
-105.563704,40.037159,1005,96,96,164,"Point",4,"D13","COMO",NA,0,1762.790324,0.037583122,96,0.029843059930272
-105.563551,40.03714,1005,97,97,165,"Point",4,"D13","COMO",NA,0,1762.790324,0.021561063,97,0.0301390524887247
-105.563346,40.037112,1005,98,98,166,"Point",4,"D13","COMO",NA,0,1762.790324,0.011549098,98,0.0305367003963353
-105.563212,40.037118,1005,99,99,167,"Point",4,"D13","COMO",NA,0,1762.790324,0.01070317,99,0.0307930512953915
-105.563106,40.037121,1005,100,100,168,"Point",4,"D13","COMO",NA,0,1762.790324,0.012257387,100,0.0309956303122189
-105.563072,40.037263,1005,101,101,169,"Point",4,"D13","COMO",NA,0,1762.790324,0.014247049,101,0.0313543754850694
-105.562976,40.037298,1005,102,102,170,"Point",4,"D13","COMO",NA,0,1762.790324,0.02016241,102,0.0315572971167514
-105.562802,40.037205,1005,103,103,171,"Point",4,"D13","COMO",NA,0,1762.790324,0.049374619,103,0.0319620487624138
-105.562876,40.037097,1005,104,104,172,"Point",4,"D13","COMO",NA,0,1762.790324,0.071215402,104,0.032265331859732
-105.562955,40.036968,1005,105,105,173,"Point",4,"D13","COMO",NA,0,1762.790324,0.104787666,105,0.0326195864549773
-105.56288,40.036884,1005,106,106,174,"Point",4,"D13","COMO",NA,0,1762.790324,0.101954433,106,0.0328727206704691
-105.562798,40.036783,1005,107,107,175,"Point",4,"D13","COMO",NA,0,1762.790324,0.120168256,107,0.0331685265063866
-105.562716,40.036723,1005,108,108,176,"Point",4,"D13","COMO",NA,0,1762.790324,0.092350341,108,0.0333847443149812
-105.562677,40.036651,1005,109,109,177,"Point",4,"D13","COMO",NA,0,1762.790324,0.156318655,109,0.0335785252457971
-105.562528,40.036688,1005,110,110,178,"Point",4,"D13","COMO",NA,0,1762.790324,0.161475221,110,0.0338775728453252
-105.562395,40.03665,1005,111,111,179,"Point",4,"D13","COMO",NA,0,1762.790324,0.151704194,111,0.034148561751082
-105.562409,40.036517,1005,112,112,180,"Point",4,"D13","COMO",NA,0,1762.790324,0.085623435,112,0.0344800994312294
-105.562237,40.036494,1005,113,113,181,"Point",4,"D13","COMO",NA,0,1762.790324,0.077210418,113,0.0348135266665049
-105.562092,40.036474,1005,114,114,182,"Point",4,"D13","COMO",NA,0,1762.790324,0.116910058,114,0.0350948775997934
-105.56196,40.03641,1005,115,115,183,"Point",4,"D13","COMO",NA,0,1762.790324,0.117201566,115,0.0353929393978968
-105.561911,40.036515,1005,116,116,184,"Point",4,"D13","COMO",NA,0,1762.790324,0.10470399,116,0.0356701037378305
-105.561894,40.03662,1005,117,117,185,"Point",4,"D13","COMO",NA,0,1762.790324,0.101800591,117,0.035933003943113
-105.561797,40.036667,1005,118,118,186,"Point",4,"D13","COMO",NA,0,1762.790324,0.078292983,118,0.0361519935852592
-105.561829,40.036797,1005,119,119,187,"Point",4,"D13","COMO",NA,0,1762.790324,0.071483346,119,0.0364807282734505
-105.561709,40.036863,1005,120,120,188,"Point",4,"D13","COMO",NA,0,1762.790324,0.056768131,120,0.0367625353879931
-105.561556,40.036872,1005,121,121,189,"Point",4,"D13","COMO",NA,0,1762.790324,0.083783156,121,0.037055594646577
-105.561443,40.03681,1005,122,122,190,"Point",4,"D13","COMO",NA,0,1762.790324,0.094357673,122,0.037320746281755
-105.561297,40.03682,1005,123,123,191,"Point",4,"D13","COMO",NA,0,1762.790324,0.092860297,123,0.0376006873193289
-105.561314,40.03673,1005,124,124,192,"Point",4,"D13","COMO",NA,0,1762.790324,0.080423068,124,0.0378266500299427
-105.56132,40.036621,1005,125,125,193,"Point",4,"D13","COMO",NA,0,1762.790324,0.056678902,125,0.0380977186244093
-105.561146,40.03657,1005,126,126,194,"Point",4,"D13","COMO",NA,0,1762.790324,0.069345791,126,0.0384533714275433
-105.560982,40.0365,1005,127,127,195,"Point",4,"D13","COMO",NA,0,1762.790324,0.063485078,127,0.0388116357405619
-105.56086,40.036417,1005,128,128,196,"Point",4,"D13","COMO",NA,0,1762.790324,0.0559095,128,0.0391227925916269
-105.560714,40.036448,1005,129,129,197,"Point",4,"D13","COMO",NA,0,1762.790324,0.015794941,129,0.0394120730808407
-105.56071,40.036344,1005,130,130,198,"Point",4,"D13","COMO",NA,0,1762.790324,0.002662223,130,0.0396705890235283
-105.560625,40.036283,1005,131,131,199,"Point",4,"D13","COMO",NA,0,1762.790324,0.003345652,131,0.0398926810179266
-105.560495,40.036201,1005,132,132,200,"Point",4,"D13","COMO",NA,0,1762.790324,0.011441068,132,0.0402138565835649
-105.560366,40.036116,1005,133,133,201,"Point",4,"D13","COMO",NA,0,1762.790324,0.038435182,133,0.0405383594046977
-105.560202,40.036066,1005,134,134,202,"Point",4,"D13","COMO",NA,0,1762.790324,0.07081194,134,0.0408753138315794
-105.560051,40.036042,1005,135,135,203,"Point",4,"D13","COMO",NA,0,1762.790324,0.153528515,135,0.0411698030572057
-105.559873,40.036004,1005,136,136,204,"Point",4,"D13","COMO",NA,0,1762.790324,0.166772552,136,0.0415226257274588
-105.559811,40.035989,1005,137,137,205,"Point",4,"D13","COMO",NA,0,1762.790324,0.174788099,137,0.0416467638291952
-105.559685,40.03609,1005,138,138,206,"Point",4,"D13","COMO",NA,0,1762.790324,0.117424349,138,0.0419944477631342
-105.55955,40.036186,1005,139,139,207,"Point",4,"D13","COMO",NA,0,1762.790324,0.082215618,139,0.0423456901180811
-105.559394,40.036147,1005,140,140,208,"Point",4,"D13","COMO",NA,0,1762.790324,0.083297243,140,0.0426589895494731
-105.559228,40.036174,1005,141,141,209,"Point",4,"D13","COMO",NA,0,1762.790324,0.078480192,141,0.0429830455222248
-105.559067,40.036182,1005,142,142,210,"Point",4,"D13","COMO",NA,0,1762.790324,0.091901127,142,0.0432911739611936
-105.558948,40.036075,1005,143,143,211,"Point",4,"D13","COMO",NA,0,1762.790324,0.137682815,143,0.043640935158838
-105.558925,40.03614,1005,144,144,212,"Point",4,"D13","COMO",NA,0,1762.790324,0.188465863,144,0.0438083042636265
-105.558879,40.036275,1005,145,145,213,"Point",4,"D13","COMO",NA,0,1762.790324,0.184251385,145,0.0441550454965679
-105.558849,40.036384,1005,146,146,214,"Point",4,"D13","COMO",NA,0,1762.790324,0.119737199,146,0.0444318660901341
-105.558799,40.036508,1005,147,147,215,"Point",4,"D13","COMO",NA,0,1762.790324,0.06282003,147,0.0447544213564311
-105.558735,40.036602,1005,148,148,216,"Point",4,"D13","COMO",NA,0,1762.790324,0.087591198,148,0.045018028771693
-105.558659,40.036574,1005,149,149,217,"Point",4,"D13","COMO",NA,0,1762.790324,0.126250864,149,0.0451789882824671
-105.55853,40.036531,1005,150,150,218,"Point",4,"D13","COMO",NA,0,1762.790324,0.126289998,150,0.0454475266803687
-105.55842,40.036582,1005,151,151,219,"Point",4,"D13","COMO",NA,0,1762.790324,0.169515078,151,0.045692867226025
-105.558275,40.036582,1005,152,152,220,"Point",4,"D13","COMO",NA,0,1762.790324,0.126431611,152,0.0459697945530612
-105.558246,40.036467,1005,153,153,221,"Point",4,"D13","COMO",NA,0,1762.790324,0.107949632,153,0.0462608470457214
-105.558061,40.036412,1005,154,154,222,"Point",4,"D13","COMO",NA,0,1762.790324,0.042213787,154,0.0466396755208467
-105.55794,40.036514,1005,155,155,223,"Point",4,"D13","COMO",NA,0,1762.790324,0.040089307,155,0.0469826506532453
-105.557843,40.036575,1005,156,156,224,"Point",4,"D13","COMO",NA,0,1762.790324,0.092883173,156,0.0472220056878877
-105.557674,40.036612,1005,157,157,225,"Point",4,"D13","COMO",NA,0,1762.790324,0.167939863,157,0.0475576062775435
-105.557507,40.03661,1005,158,158,226,"Point",4,"D13","COMO",NA,0,1762.790324,0.1821288,158,0.0478765887389976
-105.557348,40.036558,1005,159,159,227,"Point",4,"D13","COMO",NA,0,1762.790324,0.125511223,159,0.0482065971400155
-105.557149,40.036534,1005,160,160,228,"Point",4,"D13","COMO",NA,0,1762.790324,0.085298101,160,0.0485913058860115
-105.557002,40.036471,1005,161,161,229,"Point",4,"D13","COMO",NA,0,1762.790324,0.103038815,161,0.0489127425495434
-105.5569,40.036553,1005,162,162,230,"Point",4,"D13","COMO",NA,0,1762.790324,0.113750894,162,0.0491946273408964
-105.556723,40.036526,1005,163,163,231,"Point",4,"D13","COMO",NA,0,1762.790324,0.07404752,163,0.0495392622289372
-105.55663,40.036458,1005,164,164,232,"Point",4,"D13","COMO",NA,0,1762.790324,0.090370285,164,0.0497844017996214
-105.556474,40.036537,1005,165,165,233,"Point",4,"D13","COMO",NA,0,1762.790324,0.106013823,165,0.0501411852127183
-105.556379,40.03646,1005,166,166,234,"Point",4,"D13","COMO",NA,0,1762.790324,0.136372768,166,0.0504048540045847
-105.556229,40.036459,1005,167,167,235,"Point",4,"D13","COMO",NA,0,1762.790324,0.148473867,167,0.0506913418369683
-105.556056,40.036499,1005,168,168,236,"Point",4,"D13","COMO",NA,0,1762.790324,0.176967783,168,0.0510363693310791
-105.555949,40.036485,1005,169,169,237,"Point",4,"D13","COMO",NA,0,1762.790324,0.157267232,169,0.0512436622791302
-105.555788,40.036459,1005,170,170,238,"Point",4,"D13","COMO",NA,0,1762.790324,0.13306238,170,0.0515578604329976
-105.555681,40.036558,1005,171,171,239,"Point",4,"D13","COMO",NA,0,1762.790324,0.13042461,171,0.0518776516491409
-105.55568,40.036566,1005,172,172,240,"Point",4,"D13","COMO",NA,0,1762.790324,0.11110992,172,0.0518976203472045
-105.550925,40.035392,1006,173,173,241,"Point",5,"D13","COMO",NA,0,160.412588,0.060600754,173,0.0218941178788459
-105.550767,40.035312,1006,174,174,242,"Point",5,"D13","COMO",NA,0,160.412588,0.00878593,174,0.0245674994927127
-105.550593,40.035207,1006,175,175,243,"Point",5,"D13","COMO",NA,0,160.412588,0.010882745,175,0.0276932694792179
-105.550454,40.035105,1006,176,176,244,"Point",5,"D13","COMO",NA,0,160.412588,0.015206805,176,0.0304086559550364
-105.550315,40.034986,1006,177,177,245,"Point",5,"D13","COMO",NA,0,160.412588,0.021090907,177,0.0333485342375075
-105.55024,40.03485,1006,178,178,246,"Point",5,"D13","COMO",NA,0,160.412588,0.01970082,178,0.0360638951496218
-105.550052,40.034798,1006,179,179,247,"Point",5,"D13","COMO",NA,0,160.412588,0.043306299,179,0.0388871224376828
-105.549982,40.034675,1006,180,180,248,"Point",5,"D13","COMO",NA,0,160.412588,0.047154514,180,0.0413550513777577
-105.54985,40.03459,1006,181,181,249,"Point",5,"D13","COMO",NA,0,160.412588,0.070010048,181,0.0437882357576918
-105.557574,40.042929,1018,182,182,466,"Point",13,"D13","COMO",NA,0,1038.329174,0.082671119,182,0.192218658422398
-105.557444,40.042883,1018,183,183,467,"Point",13,"D13","COMO",NA,0,1038.329174,0.119070036,183,0.194485159679179
-105.557467,40.042756,1018,184,184,468,"Point",13,"D13","COMO",NA,0,1038.329174,0.126234494,184,0.197127246807464
-105.557466,40.042605,1018,185,185,469,"Point",13,"D13","COMO",NA,0,1038.329174,0.126054035,185,0.200238669750582
-105.55747,40.042465,1018,186,186,470,"Point",13,"D13","COMO",NA,0,1038.329174,0.122172764,186,0.20312409077014
-105.557448,40.042323,1018,187,187,471,"Point",13,"D13","COMO",NA,0,1038.329174,0.104656545,187,0.206070697758966
-105.557474,40.042194,1018,188,188,472,"Point",13,"D13","COMO",NA,0,1038.329174,0.069116682,188,0.208760470263963
-105.557484,40.042064,1018,189,189,473,"Point",13,"D13","COMO",NA,0,1038.329174,0.055488288,189,0.211443821368194
-105.557343,40.041966,1018,190,190,474,"Point",13,"D13","COMO",NA,0,1038.329174,0.06238436,190,0.214454472106476
-105.557342,40.041891,1018,191,191,475,"Point",13,"D13","COMO",NA,0,1038.329174,0.089090792,191,0.215999941780073
-105.557288,40.041771,1018,192,192,476,"Point",13,"D13","COMO",NA,0,1038.329174,0.096595489,192,0.218616281278061
-105.557352,40.041687,1018,193,193,477,"Point",13,"D13","COMO",NA,0,1038.329174,0.114411259,193,0.220622055180518
-105.557234,40.041591,1018,194,194,478,"Point",13,"D13","COMO",NA,0,1038.329174,0.10808955,194,0.223343310015475
-105.557189,40.041464,1018,195,195,479,"Point",13,"D13","COMO",NA,0,1038.329174,0.098523953,195,0.226055476678126
-105.557209,40.041372,1018,196,196,480,"Point",13,"D13","COMO",NA,0,1038.329174,0.062071892,196,0.227977432993542
-105.55721,40.041263,1018,197,197,481,"Point",13,"D13","COMO",NA,0,1038.329174,0.03864035,197,0.230223453251448
-105.557219,40.041185,1018,198,198,482,"Point",13,"D13","COMO",NA,0,1038.329174,0.076404812,198,0.231836965139266
-105.557079,40.041185,1018,199,199,483,"Point",13,"D13","COMO",NA,0,1038.329174,0.114580466,199,0.234054182992902
-105.556996,40.041044,1018,200,200,484,"Point",13,"D13","COMO",NA,0,1038.329174,0.152917141,200,0.23724304471705
-105.556983,40.040921,1018,201,201,485,"Point",13,"D13","COMO",NA,0,1038.329174,0.124843812,201,0.239785830279692
-105.556885,40.040797,1018,202,202,486,"Point",13,"D13","COMO",NA,0,1038.329174,0.13601274,202,0.242775333409513
-105.556903,40.040667,1018,203,203,487,"Point",13,"D13","COMO",NA,0,1038.329174,0.113939414,203,0.245469132758656
-105.556784,40.040605,1018,204,204,488,"Point",13,"D13","COMO",NA,0,1038.329174,0.116449698,204,0.247745965286084
-105.55666,40.040572,1018,205,205,489,"Point",13,"D13","COMO",NA,0,1038.329174,0.125449989,205,0.249824191088504
-105.556524,40.040501,1018,206,206,490,"Point",13,"D13","COMO",NA,0,1038.329174,0.167531515,206,0.252427940760375
-105.556443,40.040519,1018,207,207,491,"Point",13,"D13","COMO",NA,0,1038.329174,0.161625992,207,0.253763312813433
-105.556423,40.040402,1018,208,208,492,"Point",13,"D13","COMO",NA,0,1038.329174,0.133008554,208,0.256194837619434
-105.556562,40.040343,1018,209,209,493,"Point",13,"D13","COMO",NA,0,1038.329174,0.145448116,209,0.258709620099736
-105.556431,40.040235,1018,210,210,494,"Point",13,"D13","COMO",NA,0,1038.329174,0.123759024,210,0.261752093077588
-105.55642,40.040119,1018,211,211,495,"Point",13,"D13","COMO",NA,0,1038.329174,0.175263926,211,0.264148633706973
-105.556377,40.039985,1018,212,212,496,"Point",13,"D13","COMO",NA,0,1038.329174,0.107637465,212,0.266992471954361
-105.556261,40.039899,1018,213,213,497,"Point",13,"D13","COMO",NA,0,1038.329174,0.102757097,213,0.269544978165399
-105.556262,40.039851,1018,214,214,498,"Point",13,"D13","COMO",NA,0,1038.329174,0.026242002,214,0.270534153265628
-105.556163,40.039765,1018,215,215,499,"Point",13,"D13","COMO",NA,0,1038.329174,0.025107387,215,0.272900272496065
-105.556001,40.039719,1018,216,216,500,"Point",13,"D13","COMO",NA,0,1038.329174,0.030709719,216,0.275635445545354
-105.555829,40.039756,1018,217,217,501,"Point",13,"D13","COMO",NA,0,1038.329174,0.059536758,217,0.278464188671769
-105.555652,40.039712,1018,218,218,502,"Point",13,"D13","COMO",NA,0,1038.329174,0.062301837,218,0.281410409869114
-105.555614,40.039821,1018,219,219,503,"Point",13,"D13","COMO",NA,0,1038.329174,0.059541674,219,0.283735609067184
-105.555463,40.039857,1018,220,220,504,"Point",13,"D13","COMO",NA,0,1038.329174,0.028405603,220,0.286239485814016
-105.555319,40.039788,1018,221,221,505,"Point",13,"D13","COMO",NA,0,1038.329174,0.019599811,221,0.288926972622824
-105.555156,40.039706,1018,222,222,506,"Point",13,"D13","COMO",NA,0,1038.329174,0.009582313,222,0.292012280274627
-105.555037,40.039642,1018,223,223,507,"Point",13,"D13","COMO",NA,0,1038.329174,0.003050402,223,0.294312510279163
-105.555006,40.039493,1018,224,224,508,"Point",13,"D13","COMO",NA,0,1038.329174,0.007747132,224,0.297421689624374
-105.554897,40.039348,1018,225,225,509,"Point",13,"D13","COMO",NA,0,1038.329174,0.01963056,225,0.300872310574698
-105.5548,40.039204,1018,226,226,510,"Point",13,"D13","COMO",NA,0,1038.329174,0.02136821,226,0.304213573207317
-105.554733,40.039053,1018,227,227,511,"Point",13,"D13","COMO",NA,0,1038.329174,0.024999672,227,0.307500925448539
-105.554675,40.038911,1018,228,228,512,"Point",13,"D13","COMO",NA,0,1038.329174,0.017586965,228,0.310567666444386
-105.554817,40.038872,1018,229,229,513,"Point",13,"D13","COMO",NA,0,1038.329174,0.026559085,229,0.312955894124865
-105.554949,40.038755,1018,230,230,514,"Point",13,"D13","COMO",NA,0,1038.329174,0.032429341,230,0.316146905747649
-105.554996,40.038616,1018,231,231,515,"Point",13,"D13","COMO",NA,0,1038.329174,0.05064937,231,0.319106174996578
-105.554993,40.038518,1018,232,232,516,"Point",13,"D13","COMO",NA,0,1038.329174,0.043882563,232,0.321126040408775
-105.554958,40.038383,1018,233,233,517,"Point",13,"D13","COMO",NA,0,1038.329174,0.032882915,233,0.323962432470687
-105.554968,40.038229,1018,234,234,518,"Point",13,"D13","COMO",NA,0,1038.329174,0.013390966,234,0.327139578282641
-105.554968,40.038229,1018,234,234,518,"Point",13,"D13","COMO",NA,0,1038.329174,0.013390966,234,0.327139578282641
-105.554968,40.038229,1018,235,289,573,"Point",15,"D13","COMO",NA,0,290.834946,0.014194481,235,0.327139578282641
-105.554968,40.038229,1018,235,289,573,"Point",15,"D13","COMO",NA,0,290.834946,0.014194481,235,0.327139578282641
-105.554894,40.038096,1018,236,290,574,"Point",15,"D13","COMO",NA,0,290.834946,0.161137944,236,0.330120161607913
-105.554879,40.037955,1018,237,291,575,"Point",15,"D13","COMO",NA,0,290.834946,0.179819289,237,0.333035186996549
-105.554851,40.037849,1018,238,292,576,"Point",15,"D13","COMO",NA,0,290.834946,0.224690919,238,0.335263900028459
-105.554906,40.037725,1018,239,293,577,"Point",15,"D13","COMO",NA,0,290.834946,0.07360661,239,0.337963350958698
-105.554885,40.037563,1018,240,294,578,"Point",15,"D13","COMO",NA,0,290.834946,0.05263559,240,0.341317916797846
-105.554845,40.037434,1018,241,295,579,"Point",15,"D13","COMO",NA,0,290.834946,0.002769431,241,0.344050437594929
-105.55473,40.037332,1018,242,296,580,"Point",15,"D13","COMO",NA,0,290.834946,0.004229474,242,0.346831571681683
-105.554714,40.037195,1018,243,297,581,"Point",15,"D13","COMO",NA,0,290.834946,0.004329218,243,0.349665830562896
-105.554643,40.037068,1018,244,298,582,"Point",15,"D13","COMO",NA,0,290.834946,0.004407984,244,0.352514069126385
-105.554548,40.036952,1018,245,299,583,"Point",15,"D13","COMO",NA,0,290.834946,0.005058642,245,0.355338422063389
-105.554423,40.036839,1018,246,300,584,"Point",15,"D13","COMO",NA,0,290.834946,0.006344214,246,0.358394712158801
-105.554357,40.0367,1018,247,301,585,"Point",15,"D13","COMO",NA,0,290.834946,0.007490001,247,0.361443626426724
-105.554344,40.036582,1018,248,302,586,"Point",15,"D13","COMO",NA,0,290.834946,0.00793102,248,0.363883737911607
-105.554286,40.036442,1018,249,303,587,"Point",15,"D13","COMO",NA,0,290.834946,0.008641435,249,0.366911194752519
-105.554238,40.036367,1018,250,304,588,"Point",15,"D13","COMO",NA,0,290.834946,0.010776135,250,0.368633457545354
-105.554238,40.036367,1018,250,304,588,"Point",15,"D13","COMO",NA,0,290.834946,0.010776135,250,0.368633457545354
-105.554238,40.036367,1018,251,323,607,"Point",17,"D13","COMO",NA,0,119.869632,0.010354068,251,0.368633457545354
-105.554238,40.036367,1018,251,323,607,"Point",17,"D13","COMO",NA,0,119.869632,0.010354068,251,0.368633457545354
-105.554263,40.036235,1018,252,324,608,"Point",17,"D13","COMO",NA,0,119.869632,0.008536821,252,0.37138200949811
-105.554261,40.036145,1018,253,325,609,"Point",17,"D13","COMO",NA,0,119.869632,0.009588749,253,0.373236744410589
-105.554231,40.036001,1018,254,326,610,"Point",17,"D13","COMO",NA,0,119.869632,0.007837526,254,0.376241691714657
-105.554151,40.035859,1018,255,327,611,"Point",17,"D13","COMO",NA,0,119.869632,0.006508533,255,0.379430197685864
-105.554031,40.035742,1018,256,328,612,"Point",17,"D13","COMO",NA,0,119.869632,0.009667995,256,0.382500106063735
-105.553959,40.035666,1018,257,329,613,"Point",17,"D13","COMO",NA,0,119.869632,0.017428234,257,0.384437316844795
-105.575528,40.042462,1015,258,235,519,"Point",14,"D13","COMO",NA,0,1057.930827,0.044744923,258,0.0176058898946674
-105.575516,40.042322,1015,259,236,520,"Point",14,"D13","COMO",NA,0,1057.930827,0.044697659,259,0.0179671020614159
-105.57534,40.042254,1015,260,237,521,"Point",14,"D13","COMO",NA,0,1057.930827,0.040772002,260,0.0183568881737943
-105.575185,40.042194,1015,261,238,522,"Point",14,"D13","COMO",NA,0,1057.930827,0.016892962,261,0.0187002974684885
-105.575123,40.042078,1015,262,239,523,"Point",14,"D13","COMO",NA,0,1057.930827,0.013798882,262,0.0190231573725516
-105.574964,40.041971,1015,263,240,524,"Point",14,"D13","COMO",NA,0,1057.930827,0.016276971,263,0.0194413345377681
-105.574873,40.041835,1015,264,241,525,"Point",14,"D13","COMO",NA,0,1057.930827,0.017814794,264,0.0198350567560413
-105.574695,40.041797,1015,265,242,526,"Point",14,"D13","COMO",NA,0,1057.930827,0.019230954,265,0.0202006108028152
-105.574585,40.041827,1015,266,243,527,"Point",14,"D13","COMO",NA,0,1057.930827,0.018984422,266,0.0204315715578854
-105.574423,40.04179,1015,267,244,528,"Point",14,"D13","COMO",NA,0,1057.930827,0.021435149,267,0.0207659849825147
-105.574278,40.041847,1015,268,245,529,"Point",14,"D13","COMO",NA,0,1057.930827,0.021142566,268,0.0210882551935895
-105.574105,40.041816,1015,269,246,530,"Point",14,"D13","COMO",NA,0,1057.930827,0.024180502,269,0.0214397614332385
-105.573976,40.041736,1015,270,247,531,"Point",14,"D13","COMO",NA,0,1057.930827,0.034193383,270,0.0217677518070047
-105.573892,40.041607,1015,271,248,532,"Point",14,"D13","COMO",NA,0,1057.930827,0.033328482,271,0.0221391354276382
-105.57387,40.041467,1015,272,249,533,"Point",14,"D13","COMO",NA,0,1057.930827,0.055135015,272,0.022502185681867
-105.573997,40.041378,1015,273,250,534,"Point",14,"D13","COMO",NA,0,1057.930827,0.0826774,273,0.0228422664098189
-105.573992,40.041275,1015,274,251,535,"Point",14,"D13","COMO",NA,0,1057.930827,0.111155057,274,0.0231076250059781
-105.573916,40.041191,1015,275,252,536,"Point",14,"D13","COMO",NA,0,1057.930827,0.128585502,275,0.0233710335497982
-105.57387,40.041048,1015,276,253,537,"Point",14,"D13","COMO",NA,0,1057.930827,0.157229426,276,0.0237502735295766
-105.573698,40.041035,1015,277,254,538,"Point",14,"D13","COMO",NA,0,1057.930827,0.23919926,277,0.0240922662517032
-105.573574,40.041141,1015,278,255,539,"Point",14,"D13","COMO",NA,0,1057.930827,0.203099044,278,0.0244592528421871
-105.57341,40.041089,1015,279,256,540,"Point",14,"D13","COMO",NA,0,1057.930827,0.167455876,279,0.0248103025033996
-105.573256,40.041133,1015,280,257,541,"Point",14,"D13","COMO",NA,0,1057.930827,0.079210607,280,0.0251354085701469
-105.573099,40.041112,1015,281,258,542,"Point",14,"D13","COMO",NA,0,1057.930827,0.186339705,281,0.0254507467760404
-105.572943,40.041111,1015,282,259,543,"Point",14,"D13","COMO",NA,0,1057.930827,0.20582651,282,0.0257594477357265
-105.572799,40.041062,1015,283,260,544,"Point",14,"D13","COMO",NA,0,1057.930827,0.23661835,283,0.0260710687051506
-105.572864,40.040984,1015,284,261,545,"Point",14,"D13","COMO",NA,0,1057.930827,0.159782562,284,0.0263095401229094
-105.572792,40.040865,1015,285,262,546,"Point",14,"D13","COMO",NA,0,1057.930827,0.117279577,285,0.0266474139451676
-105.572603,40.040866,1015,286,263,547,"Point",14,"D13","COMO",NA,0,1057.930827,0.079433717,286,0.0270214142295083
-105.572599,40.040727,1015,287,264,548,"Point",14,"D13","COMO",NA,0,1057.930827,0.079537243,287,0.0273793580110335
-105.572613,40.040612,1015,288,265,549,"Point",14,"D13","COMO",NA,0,1057.930827,0.080079216,288,0.027676719400633
-105.572455,40.040538,1015,289,266,550,"Point",14,"D13","COMO",NA,0,1057.930827,0.068250362,289,0.028042841685431
-105.57236,40.040658,1015,290,267,551,"Point",14,"D13","COMO",NA,0,1057.930827,0.029323575,290,0.0284044810051101
-105.57226,40.040745,1015,291,268,552,"Point",14,"D13","COMO",NA,0,1057.930827,0.01710422,291,0.0287033526045405
-105.572162,40.04072,1015,292,269,553,"Point",14,"D13","COMO",NA,0,1057.930827,0.080442235,292,0.0289076764525421
-105.572044,40.040614,1015,293,270,554,"Point",14,"D13","COMO",NA,0,1057.930827,0.13748719,293,0.0292668343361237
-105.571968,40.04055,1015,294,271,555,"Point",14,"D13","COMO",NA,0,1057.930827,0.16588743,294,0.029489915868974
-105.571819,40.040517,1015,295,272,556,"Point",14,"D13","COMO",NA,0,1057.930827,0.112116771,295,0.029796753492219
-105.571639,40.040454,1015,296,273,557,"Point",14,"D13","COMO",NA,0,1057.930827,0.063948166,296,0.0301881281015526
-105.571499,40.04038,1015,297,274,558,"Point",14,"D13","COMO",NA,0,1057.930827,0.068107926,297,0.0305243458248429
-105.571301,40.040369,1015,298,275,559,"Point",14,"D13","COMO",NA,0,1057.930827,0.128337372,298,0.0309171713096578
-105.571195,40.040269,1015,299,276,560,"Point",14,"D13","COMO",NA,0,1057.930827,0.168352599,299,0.0312492515613725
-105.571131,40.040234,1015,300,277,561,"Point",14,"D13","COMO",NA,0,1057.930827,0.178106525,300,0.0314046800974008
-105.571074,40.040364,1015,301,278,562,"Point",14,"D13","COMO",NA,0,1057.930827,0.122597756,301,0.0317578607008314
-105.570906,40.040348,1015,302,279,563,"Point",14,"D13","COMO",NA,0,1057.930827,0.085900534,302,0.0320928423012141
-105.570759,40.040346,1015,303,280,564,"Point",14,"D13","COMO",NA,0,1057.930827,0.088770356,303,0.0323837722908423
-105.570636,40.040365,1015,304,281,565,"Point",14,"D13","COMO",NA,0,1057.930827,0.082022825,304,0.0326320320662648
-105.570471,40.040356,1015,305,282,566,"Point",14,"D13","COMO",NA,0,1057.930827,0.08627584,305,0.0329593560497993
-105.570327,40.040264,1015,306,283,567,"Point",14,"D13","COMO",NA,0,1057.930827,0.050623969,306,0.0333298901215576
-105.570161,40.040235,1015,307,284,568,"Point",14,"D13","COMO",NA,0,1057.930827,0.069509314,307,0.0336667502786705
-105.570132,40.040113,1015,308,285,569,"Point",14,"D13","COMO",NA,0,1057.930827,0.06411768,308,0.033986039164408
-105.570023,40.039962,1015,309,286,570,"Point",14,"D13","COMO",NA,0,1057.930827,0.085717916,309,0.034430616815555
-105.569972,40.039813,1015,310,287,571,"Point",14,"D13","COMO",NA,0,1057.930827,0.082488956,310,0.0348272712223787
-105.569815,40.039725,1015,311,288,572,"Point",14,"D13","COMO",NA,0,1057.930827,0.067798116,311,0.0352117797893349
-105.551454,40.034173,1017,312,305,589,"Point",16,"D13","COMO",NA,0,327.822331,0.034885679,312,0.0261949324297948
-105.55131,40.034095,1017,313,306,590,"Point",16,"D13","COMO",NA,0,327.822331,0.005157299,313,0.027847211886483
-105.551149,40.034067,1017,314,307,591,"Point",16,"D13","COMO",NA,0,327.822331,0.016174702,314,0.0293954625355792
-105.550999,40.03398,1017,315,308,592,"Point",16,"D13","COMO",NA,0,327.822331,0.015989679,315,0.0311579360107891
-105.550864,40.034003,1017,316,309,593,"Point",16,"D13","COMO",NA,0,327.822331,0.026846826,316,0.032454884955062
-105.550722,40.033907,1017,317,310,594,"Point",16,"D13","COMO",NA,0,327.822331,0.020195438,317,0.0342285885118056
-105.550565,40.033964,1017,318,311,595,"Point",16,"D13","COMO",NA,0,327.822331,0.020580795,318,0.0358571428490015
-105.550398,40.034025,1017,319,312,596,"Point",16,"D13","COMO",NA,0,327.822331,0.011267554,319,0.037591355431839
-105.550195,40.034035,1017,320,313,597,"Point",16,"D13","COMO",NA,0,327.822331,0.010422743,320,0.039499281733502
-105.550003,40.03409,1017,321,314,598,"Point",16,"D13","COMO",NA,0,327.822331,0.018261816,321,0.0414211101656257
-105.549811,40.034117,1017,322,315,599,"Point",16,"D13","COMO",NA,0,327.822331,0.017141717,322,0.0432518423468776
-105.549731,40.034159,1017,323,316,600,"Point",16,"D13","COMO",NA,0,327.822331,0.070918036,323,0.0441605013381818
-105.549593,40.034209,1017,324,317,601,"Point",16,"D13","COMO",NA,0,327.822331,0.086108977,324,0.0455914346245601
-105.549432,40.03427,1017,325,318,602,"Point",16,"D13","COMO",NA,0,327.822331,0.097933457,325,0.0472749860062059
-105.549326,40.034298,1017,326,319,603,"Point",16,"D13","COMO",NA,0,327.822331,0.042954404,326,0.0483262649079446
-105.549299,40.034393,1017,327,320,604,"Point",16,"D13","COMO",NA,0,327.822331,0.026658157,327,0.0495127810964906
-105.549143,40.034487,1017,328,321,605,"Point",16,"D13","COMO",NA,0,327.822331,0.029148818,328,0.0513719323836936
-105.549082,40.034556,1017,329,322,606,"Point",16,"D13","COMO",NA,0,327.822331,0.080021231,329,0.0523898648595897
-105.55568,40.036566,1020,330,330,82,"Point",4,"D13","COMO",NA,0,1762.790324,0.08581149,330,0.460407233250766
-105.555584,40.036521,1020,331,331,83,"Point",0,"D13","COMO",NA,0,2899.690984,0.085833561,331,0.461002039247413
-105.555406,40.036465,1020,332,332,84,"Point",0,"D13","COMO",NA,0,2899.690984,0.05747322,332,0.462019451494926
-105.555232,40.036385,1020,333,333,85,"Point",0,"D13","COMO",NA,0,2899.690984,0.057231046,333,0.463091979430792
-105.555208,40.036233,1020,334,334,86,"Point",0,"D13","COMO",NA,0,2899.690984,0.059698076,334,0.464145709731197
-105.555042,40.036133,1020,335,335,87,"Point",0,"D13","COMO",NA,0,2899.690984,0.069345468,335,0.46526137467645
-105.55487,40.036046,1020,336,336,88,"Point",0,"D13","COMO",NA,0,2899.690984,0.093005391,336,0.466350560263651
-105.55467,40.035983,1020,337,337,89,"Point",0,"D13","COMO",NA,0,2899.690984,0.081020338,337,0.467493932061878
-105.554466,40.035927,1020,338,338,90,"Point",0,"D13","COMO",NA,0,2899.690984,0.055651955,338,0.468639824728493
-105.554313,40.035864,1020,339,339,91,"Point",0,"D13","COMO",NA,0,2899.690984,0.042321115,339,0.469557993606548
-105.554244,40.035713,1020,340,340,92,"Point",0,"D13","COMO",NA,0,2899.690984,0.035815301,340,0.470659405045099
-105.554118,40.035697,1020,341,341,93,"Point",0,"D13","COMO",NA,0,2899.690984,0.034409828,341,0.471334969837623
-105.553959,40.035666,1020,342,342,94,"Point",0,"D13","COMO",NA,0,119.869632,0.017447855,342,0.472202703108197
-105.553959,40.035666,1021,343,342,94,"Point",0,"D13","COMO",NA,0,119.869632,0.017447855,343,0.856640019952992
-105.553954,40.035666,1021,344,343,95,"Point",0,"D13","COMO",NA,0,2899.690984,0.029217788,344,0.856665779057094
-105.553862,40.035558,1021,345,344,96,"Point",0,"D13","COMO",NA,0,2899.690984,0.035538739,345,0.857530993485134
-105.553687,40.035458,1021,346,345,97,"Point",0,"D13","COMO",NA,0,2899.690984,0.036657478,346,0.858654395822506
-105.553497,40.035448,1021,347,346,98,"Point",0,"D13","COMO",NA,0,2899.690984,0.029592493,347,0.859635536687379
-105.553393,40.035405,1021,348,347,99,"Point",0,"D13","COMO",NA,0,2899.690984,0.035481661,348,0.860243919701754
-105.553213,40.035402,1021,349,348,100,"Point",0,"D13","COMO",NA,0,2899.690984,0.061638519,349,0.861171468960728
-105.553075,40.035307,1021,350,349,101,"Point",0,"D13","COMO",NA,0,2899.690984,0.063207081,350,0.86212585988447
-105.552887,40.035277,1021,351,350,102,"Point",0,"D13","COMO",NA,0,2899.690984,0.047009446,351,0.863115057909765
-105.552723,40.035198,1021,352,351,103,"Point",0,"D13","COMO",NA,0,2899.690984,0.018525548,352,0.864112158805312
-105.552605,40.035126,1021,353,352,104,"Point",0,"D13","COMO",NA,0,2899.690984,0.020771494,353,0.864888324214654
-105.552428,40.035118,1021,354,353,105,"Point",0,"D13","COMO",NA,0,2899.690984,0.03289052,354,0.865801778743724
-105.552298,40.035001,1021,355,354,106,"Point",0,"D13","COMO",NA,0,2899.690984,0.032895367,355,0.866833025150305
-105.5521,40.034965,1021,356,355,107,"Point",0,"D13","COMO",NA,0,2899.690984,0.043476578,356,0.867881243129768
-105.551929,40.034872,1021,357,356,108,"Point",0,"D13","COMO",NA,0,2899.690984,0.048109032,357,0.868960421287311
-105.551744,40.034884,1021,358,357,109,"Point",0,"D13","COMO",NA,0,2899.690984,0.056486415,358,0.869916906508598
-105.551567,40.034839,1021,359,358,110,"Point",0,"D13","COMO",NA,0,2899.690984,0.056202486,359,0.870877372125178
-105.551403,40.034774,1021,360,359,111,"Point",0,"D13","COMO",NA,0,2899.690984,0.075073179,360,0.871827982366314
-105.551262,40.034712,1021,361,360,112,"Point",0,"D13","COMO",NA,0,2899.690984,0.081634609,361,0.872664854265664
-105.551072,40.034658,1021,362,361,113,"Point",0,"D13","COMO",NA,0,2899.690984,0.095727764,362,0.873708479883953
-105.55088,40.034615,1021,363,362,114,"Point",0,"D13","COMO",NA,0,2899.690984,0.067007768,363,0.874738773030302
-105.550706,40.034588,1021,364,363,115,"Point",0,"D13","COMO",NA,0,2899.690984,0.057402787,364,0.87565328656137
-105.55052,40.034652,1021,365,364,116,"Point",0,"D13","COMO",NA,0,2899.690984,0.024427583,365,0.876703164134621
-105.550317,40.034607,1021,366,365,117,"Point",0,"D13","COMO",NA,0,2899.690984,0.021956727,366,0.877791619643508
-105.550128,40.034589,1021,367,366,118,"Point",0,"D13","COMO",NA,0,2899.690984,0.046771896,367,0.878772774075979
-105.549932,40.034571,1021,368,367,119,"Point",0,"D13","COMO",NA,0,2899.690984,0.057599137,368,0.879789728095327
-105.54985,40.03459,1021,369,368,120,"Point",0,"D13","COMO",NA,0,2899.690984,0.017599137,369,0.880230959667856
-105.54985,40.03459,1022,370,368,120,"Point",5,"D14","COMO",NA,0,160.412588,0.060559631,370,0.924019195425547
-105.549737,40.034603,1022,371,369,121,"Point",0,"D13","COMO",NA,0,2899.690984,0.037991243,371,0.924590157851707
-105.549546,40.034573,1022,372,370,122,"Point",0,"D13","COMO",NA,0,2899.690984,0.040341623,372,0.925564327272146
-105.54937,40.034525,1022,373,371,123,"Point",0,"D13","COMO",NA,0,2899.690984,0.038022129,373,0.92649753475156
-105.549157,40.034546,1022,374,372,124,"Point",0,"D13","COMO",NA,0,2899.690984,0.040289105,374,0.927570639079505
-105.549082,40.034556,1022,375,372,124,"Point",0,"D13","COMO",NA,0,2899.690984,0.010289105,375,0.927951018811355
-105.549082,40.034556,1019,376,373,125,"Point",16,"D13","COMO",NA,0,327.822331,0.065965026,376,0.980340883670944
-105.548932,40.034565,1019,377,374,126,"Point",0,"D13","COMO",NA,0,2899.690984,0.094438576,377,0.980935856965634
-105.548732,40.034574,1019,378,375,127,"Point",0,"D13","COMO",NA,0,2899.690984,0.096386749,378,0.981728103004614
-105.548522,40.034602,1019,379,376,128,"Point",0,"D13","COMO",NA,0,2899.690984,0.06823903,379,0.982570939584712
-105.548314,40.034602,1019,380,377,129,"Point",0,"D13","COMO",NA,0,2899.690984,0.067612731,380,0.983393466820701
-105.548161,40.034666,1019,381,378,130,"Point",0,"D13","COMO",NA,0,2899.690984,0.087165241,381,0.984082282087031
-105.547963,40.034661,1019,382,379,131,"Point",0,"D13","COMO",NA,0,2899.690984,0.086021896,382,0.984865686439782
-105.547755,40.034676,1019,383,380,132,"Point",0,"D13","COMO",NA,0,2899.690984,0.052664014,383,0.985691824742964
-105.547567,40.034731,1019,384,381,133,"Point",0,"D13","COMO",NA,0,2899.690984,0.04035714,384,0.986487284942018
-105.547377,40.03472,1019,385,382,134,"Point",0,"D13","COMO",NA,0,2899.690984,0.057321939,385,0.987240758634418
-105.547176,40.034713,1019,386,383,135,"Point",0,"D13","COMO",NA,0,2899.690984,0.096145834,386,0.988036418683339
-105.547075,40.034858,1019,387,384,136,"Point",0,"D13","COMO",NA,0,2899.690984,0.085413345,387,0.988882562057948
-105.546897,40.034786,1019,388,385,137,"Point",0,"D13","COMO",NA,0,2899.690984,0.071234389,388,0.989677961621863
-105.546728,40.034781,1019,389,386,138,"Point",0,"D13","COMO",NA,0,2899.690984,0.0643842,389,0.990346758062053
-105.546518,40.03479,1019,390,387,139,"Point",0,"D13","COMO",NA,0,2899.690984,0.03455345,390,0.991178481704784
-105.546316,40.034833,1019,391,388,140,"Point",0,"D13","COMO",NA,0,2899.690984,0.05683531,391,0.992007344288033
-105.546156,40.034915,1019,392,389,141,"Point",0,"D13","COMO",NA,0,2899.690984,0.02145685,392,0.992767789868682
-105.545963,40.034924,1019,393,390,142,"Point",0,"D13","COMO",NA,0,2899.690984,0.03142537,393,0.993532399818919
-105.545751,40.034948,1019,394,391,143,"Point",0,"D13","COMO",NA,0,2899.690984,0.03245538,394,0.994379783895092
-105.545612,40.035037,1019,395,392,144,"Point",0,"D13","COMO",NA,0,2899.690984,0.03867533,395,0.995095162940562
-105.545414,40.035016,1019,396,393,145,"Point",0,"D13","COMO",NA,0,2899.690984,0.04593338,396,0.995885558767659
-105.545209,40.035034,1019,397,394,146,"Point",0,"D13","COMO",NA,0,2899.690984,0.05689339,397,0.996701489296361
-105.544999,40.035008,1019,398,395,147,"Point",0,"D13","COMO",NA,0,2899.690984,0.087614699,398,0.997542623351078
-105.54479,40.034965,1019,399,396,148,"Point",0,"D13","COMO",NA,0,2899.690984,0.070228211,399,0.998398192861482
-105.544584,40.034945,1019,400,397,149,"Point",0,"D13","COMO",NA,0,2899.690984,0.113456656,400,0.999219278971101
-105.544387,40.034955,1019,401,398,150,"Point",0,"D13","COMO",NA,0,2899.690984,0.113456656,401,1
