"Permanent_Identifier","OBJECTID","Shape","FDate","Resolution","GNIS_ID","GNIS_Name","LengthKM","ReachCode","FlowDir","WBArea_Permanent_Identifier","FType","FCode","MainPath","InNetwork","VisibilityFilter","Shape_Length","NHDPlusID","VPUID","Enabled","Hydrologic_Sequence","X"
1001,79895,"Polyline ZM","3/26/12 1:06","High","<Null>","<Null>",0.356,10270101001112,"WithDigitized","<Null>","StreamRiver","Stream/River: Hydrographic Category = Intermittent","Unspecified","Yes","Unspecified",0.003494,23001000047547,1027,TRUE,2,NA
1002,5131,"Polyline ZM","3/26/12 1:06","High","<Null>","<Null>",0.043,10270101001112,"WithDigitized","52554000","ArtificialPath","Artificial Path","Unspecified","Yes","Unspecified",0.000432,23001000005503,1027,TRUE,1,NA
1003,81458,"Polyline ZM","3/26/12 1:07","High","<Null>","<Null>",0.885,10270101001107,"WithDigitized","<Null>","StreamRiver","Stream/River: Hydrographic Category = Intermittent","Unspecified","Yes","Unspecified",0.009735,23001000026713,1027,TRUE,1,NA
1004,38296,"Polyline ZM","3/26/12 1:06","High","480854","North Branch Kings Creek",0.85,10270101000324,"WithDigitized","<Null>","StreamRiver","Stream/River: Hydrographic Category = Intermittent","Unspecified","Yes","Unspecified",0.008875,23001000068676,1027,TRUE,3,NA
1005,48719,"Polyline ZM","3/26/12 1:06","High","480856","South Branch Kings Creek",0.187,10270101000327,"WithDigitized","<Null>","StreamRiver","Stream/River: Hydrographic Category = Intermittent","Unspecified","Yes","Unspecified",0.001841,23001000047661,1027,TRUE,7,NA
1006,40690,"Polyline ZM","3/26/12 1:05","High","<Null>","<Null>",0.431,10270101000329,"WithDigitized","<Null>","StreamRiver","Stream/River: Hydrographic Category = Intermittent","Unspecified","Yes","Unspecified",0.004174,23001000058207,1027,TRUE,6,NA
1007,6910,"Polyline ZM","3/26/12 1:06","High","480856","South Branch Kings Creek",1.104,10270101000328,"WithDigitized","<Null>","StreamRiver","Stream/River: Hydrographic Category = Intermittent","Unspecified","Yes","Unspecified",0.011847,23001000058209,1027,TRUE,5,NA
1008,80182,"Polyline ZM","3/26/12 1:07","High","<Null>","<Null>",1.112,10270101001147,"WithDigitized","<Null>","StreamRiver","Stream/River: Hydrographic Category = Intermittent","Unspecified","Yes","Unspecified",0.01084,23001000016314,1027,TRUE,1,NA
1009,32205,"Polyline ZM","3/26/12 1:06","High","<Null>","<Null>",1.335,10270101001148,"WithDigitized","<Null>","StreamRiver","Stream/River: Hydrographic Category = Intermittent","Unspecified","Yes","Unspecified",0.014094,23001000079066,1027,TRUE,1,NA
1010,21574,"Polyline ZM","3/26/12 1:07","High","<Null>","<Null>",0.898,10270101001160,"WithDigitized","<Null>","StreamRiver","Stream/River: Hydrographic Category = Intermittent","Unspecified","Yes","Unspecified",0.008602,23001000037208,1027,TRUE,1,NA
1011,72468,"Polyline ZM","3/26/12 1:07","High","<Null>","<Null>",2.044,10270101001172,"WithDigitized","<Null>","StreamRiver","Stream/River: Hydrographic Category = Intermittent","Unspecified","Yes","Unspecified",0.020223,23001000016090,1027,TRUE,1,NA
1012,60327,"Polyline ZM","3/26/12 1:07","High","<Null>","<Null>",0.906,10270101004336,"WithDigitized","<Null>","StreamRiver","Stream/River","Unspecified","Yes","Unspecified",0.009018,23001000068673,1027,TRUE,1,NA
1013,75798,"Polyline ZM","3/26/12 1:05","High","<Null>","<Null>",0.726,10270101000329,"WithDigitized","<Null>","StreamRiver","Stream/River: Hydrographic Category = Intermittent","Unspecified","Yes","Unspecified",0.007218,23001000016209,1027,TRUE,5,NA
1014,45466,"Polyline ZM","3/26/12 1:06","High","<Null>","<Null>",0.744,10270101004280,"WithDigitized","<Null>","StreamRiver","Stream/River","Unspecified","Yes","Unspecified",0.007412,23001000005594,1027,TRUE,1,NA
1015,43184,"Polyline ZM","3/26/12 1:05","High","<Null>","<Null>",0.362,10270101000329,"WithDigitized","<Null>","StreamRiver","Stream/River: Hydrographic Category = Intermittent","Unspecified","Yes","Unspecified",0.00355,23001000016210,1027,TRUE,4,NA
1016,26932,"Polyline ZM","3/26/12 1:07","High","<Null>","<Null>",0.722,10270101004261,"WithDigitized","<Null>","StreamRiver","Stream/River","Unspecified","Yes","Unspecified",0.00761,23001000047769,1027,TRUE,1,NA
1017,11879,"Polyline ZM","3/26/12 1:06","High","480854","North Branch Kings Creek",0.736,10270101000324,"WithDigitized","<Null>","StreamRiver","Stream/River: Hydrographic Category = Intermittent","Unspecified","Yes","Unspecified",0.007209,23001000026804,1027,TRUE,1,NA
1018,31492,"Polyline ZM","3/26/12 1:06","High","480854","North Branch Kings Creek",0.924,10270101000324,"WithDigitized","<Null>","StreamRiver","Stream/River: Hydrographic Category = Intermittent","Unspecified","Yes","Unspecified",0.009929,23001000026809,1027,TRUE,2,NA
1019,43713,"Polyline ZM","3/26/12 1:06","High","480855","Kings Creek",0.686,10270101004300,"WithDigitized","<Null>","StreamRiver","Stream/River","Unspecified","Yes","Unspecified",0.007017,23001000016092,1027,TRUE,10,NA
1020,30296,"Polyline ZM","3/26/12 1:06","High","480855","Kings Creek",0.977,10270101000322,"WithDigitized","<Null>","StreamRiver","Stream/River: Hydrographic Category = Intermittent","Unspecified","Yes","Unspecified",0.00349,23001000005501,1027,TRUE,11,NA
1021,51065,"Polyline ZM","3/26/12 1:06","High","480855","Kings Creek",0.864,10270101000323,"WithDigitized","<Null>","StreamRiver","Stream/River: Hydrographic Category = Intermittent","Unspecified","Yes","Unspecified",0.008988,23001000016093,1027,TRUE,9,NA
1022,16590,"Polyline ZM","3/26/12 1:06","High","480854","North Branch Kings Creek",2.742,10270101000324,"WithDigitized","<Null>","StreamRiver","Stream/River: Hydrographic Category = Intermittent","Unspecified","Yes","Unspecified",0.029614,23001000047548,1027,TRUE,4,NA
1023,73599,"Polyline ZM","3/26/12 1:06","High","480856","South Branch Kings Creek",1.56,10270101000327,"WithDigitized","<Null>","StreamRiver","Stream/River: Hydrographic Category = Intermittent","Unspecified","Yes","Unspecified",0.015868,23001000005504,1027,TRUE,8,NA
1024,7389,"Polyline ZM","3/26/12 1:06","High","480856","South Branch Kings Creek",1.041,10270101000328,"WithDigitized","<Null>","StreamRiver","Stream/River: Hydrographic Category = Intermittent","Unspecified","Yes","Unspecified",0.010313,23001000016213,1027,TRUE,4,NA
1025,15475,"Polyline ZM","3/26/12 1:07","High","<Null>","<Null>",0.584,10270101003730,"WithDigitized","<Null>","StreamRiver","Stream/River: Hydrographic Category = Ephemeral","Unspecified","Yes","Unspecified",0.005491,23001000016214,1027,TRUE,1,NA
1026,30616,"Polyline ZM","3/26/12 1:07","High","<Null>","<Null>",0.067,10270101003730,"WithDigitized","<Null>","StreamRiver","Stream/River: Hydrographic Category = Ephemeral","Unspecified","Yes","Unspecified",0.000686,23001000005596,1027,TRUE,3,NA
1027,57759,"Polyline ZM","3/26/12 1:06","High","<Null>","<Null>",0.536,10270101003732,"WithDigitized","<Null>","StreamRiver","Stream/River: Hydrographic Category = Ephemeral","Unspecified","Yes","Unspecified",0.005402,23001000079065,1027,TRUE,1,NA
1028,52577,"Polyline ZM","3/26/12 1:06","High","480856","South Branch Kings Creek",0.262,10270101000328,"WithDigitized","<Null>","StreamRiver","Stream/River: Hydrographic Category = Intermittent","Unspecified","Yes","Unspecified",0.002942,23001000058213,1027,TRUE,3,NA
1029,6310,"Polyline ZM","3/26/12 1:06","High","<Null>","<Null>",0.341,10270101003733,"WithDigitized","<Null>","StreamRiver","Stream/River: Hydrographic Category = Ephemeral","Unspecified","Yes","Unspecified",0.003385,23001000068773,1027,TRUE,1,NA
1030,22362,"Polyline ZM","3/26/12 1:06","High","480856","South Branch Kings Creek",0.209,10270101000328,"WithDigitized","<Null>","StreamRiver","Stream/River: Hydrographic Category = Intermittent","Unspecified","Yes","Unspecified",0.002266,23001000037309,1027,TRUE,1,NA
1031,21090,"Polyline ZM","3/26/12 1:06","High","480856","South Branch Kings Creek",0.265,10270101000328,"WithDigitized","<Null>","StreamRiver","Stream/River: Hydrographic Category = Intermittent","Unspecified","Yes","Unspecified",0.00291,23001000068675,1027,TRUE,2,NA
1032,29948,"Polyline ZM","3/26/12 1:06","High","<Null>","<Null>",0.249,10270101003734,"WithDigitized","<Null>","StreamRiver","Stream/River: Hydrographic Category = Ephemeral","Unspecified","Yes","Unspecified",0.002609,23001000058211,1027,TRUE,1,NA
1033,1615,"Polyline ZM","3/26/12 1:07","High","<Null>","<Null>",0.378,10270101003731,"WithDigitized","<Null>","StreamRiver","Stream/River: Hydrographic Category = Ephemeral","Unspecified","Yes","Unspecified",0.003498,23001000016212,1027,TRUE,1,NA
1034,10694,"Polyline ZM","3/26/12 1:07","High","<Null>","<Null>",0.11,10270101003731,"WithDigitized","<Null>","StreamRiver","Stream/River: Hydrographic Category = Ephemeral","Unspecified","Yes","Unspecified",0.001073,23001000047660,1027,TRUE,2,NA
1035,29381,"Polyline ZM","3/26/12 1:07","High","<Null>","<Null>",0.389,10270101003736,"WithDigitized","<Null>","StreamRiver","Stream/River: Hydrographic Category = Ephemeral","Unspecified","Yes","Unspecified",0.003849,23001000047657,1027,TRUE,1,NA
1036,74476,"Polyline ZM","3/26/12 1:05","High","<Null>","<Null>",0.586,10270101000329,"WithDigitized","<Null>","StreamRiver","Stream/River: Hydrographic Category = Intermittent","Unspecified","Yes","Unspecified",0.005825,23001000005593,1027,TRUE,3,NA
1037,13109,"Polyline ZM","3/26/12 1:07","High","<Null>","<Null>",0.161,10270101003737,"WithDigitized","<Null>","StreamRiver","Stream/River: Hydrographic Category = Ephemeral","Unspecified","Yes","Unspecified",0.001714,23001000058208,1027,TRUE,1,NA
1038,64394,"Polyline ZM","3/26/12 1:05","High","<Null>","<Null>",0.131,10270101000329,"WithDigitized","<Null>","StreamRiver","Stream/River: Hydrographic Category = Intermittent","Unspecified","Yes","Unspecified",0.001227,23001000047656,1027,TRUE,1,NA
1039,4028,"Polyline ZM","3/26/12 1:05","High","<Null>","<Null>",0.366,10270101000329,"WithDigitized","<Null>","StreamRiver","Stream/River: Hydrographic Category = Intermittent","Unspecified","Yes","Unspecified",0.003448,23001000079064,1027,TRUE,2,NA
